<?xml version = '1.0' encoding = 'UTF-8'?>
<Table class="oracle.dbtools.crest.model.design.relational.Table" directorySegmentName="seg_0" id="17A9434D-42C8-F71C-BE02-AAAA759CEF3E" name="Rezervare">
<createdBy>student</createdBy>
<createdTime>2024-04-28 19:17:02 UTC</createdTime>
<generatorID>4643F0FE-EEDB-9454-1265-D4F023E5C2DD</generatorID>
<ownerDesignName>Proiect</ownerDesignName>
<allowColumnReorder>false</allowColumnReorder>
<existDependencyGenerateInDDl>true</existDependencyGenerateInDDl>
<parsed>true</parsed>
<columns itemClass="oracle.dbtools.crest.model.design.relational.Column">
<Column name="id_rezervare" id="C6E32D41-3E06-AF90-F31A-E05172C49296">
<createdBy>student</createdBy>
<createdTime>2024-04-28 19:17:02 UTC</createdTime>
<generatorID>1CA46246-6965-13C3-18A5-357DF65066CA</generatorID>
<ownerDesignName>Proiect</ownerDesignName>
<constraintName>rezervare_pk</constraintName>
<useDomainConstraints>false</useDomainConstraints>
<use>1</use>
<logicalDatatype>LOGDT019</logicalDatatype>
<dataTypePrecision>6</dataTypePrecision>
<ownDataTypeParameters>,6,</ownDataTypeParameters>
<autoIncrementCycle>false</autoIncrementCycle>
</Column>
<Column name="numar_nopti" id="B128D1CB-A1E4-19B0-E1FF-94A23588B347">
<createdBy>student</createdBy>
<createdTime>2024-04-28 19:17:02 UTC</createdTime>
<generatorID>F318F198-344F-7DE8-F129-EB13F83A6CC4</generatorID>
<ownerDesignName>Proiect</ownerDesignName>
<useDomainConstraints>false</useDomainConstraints>
<use>1</use>
<logicalDatatype>LOGDT019</logicalDatatype>
<dataTypePrecision>3</dataTypePrecision>
<ownDataTypeParameters>,3,</ownDataTypeParameters>
<autoIncrementCycle>false</autoIncrementCycle>
</Column>
<Column name="total_plata" id="62431F37-4BE5-4855-270C-7D08CF6AEAA1">
<createdBy>student</createdBy>
<createdTime>2024-04-28 19:17:02 UTC</createdTime>
<generatorID>F5640688-8E4D-EF46-9F03-994CDA7E3766</generatorID>
<ownerDesignName>Proiect</ownerDesignName>
<useDomainConstraints>false</useDomainConstraints>
<use>1</use>
<logicalDatatype>LOGDT019</logicalDatatype>
<dataTypePrecision>6</dataTypePrecision>
<ownDataTypeParameters>,6,</ownDataTypeParameters>
<autoIncrementCycle>false</autoIncrementCycle>
</Column>
<Column name="data_rezervare" id="E2D658C3-72B4-149E-DDAD-37C640795F94">
<createdBy>student</createdBy>
<createdTime>2024-04-28 19:17:02 UTC</createdTime>
<generatorID>212AC31A-B45C-98CC-C5DF-2FDC8BB92AA7</generatorID>
<ownerDesignName>Proiect</ownerDesignName>
<useDomainConstraints>false</useDomainConstraints>
<use>1</use>
<logicalDatatype>LOGDT007</logicalDatatype>
<ownDataTypeParameters>,,</ownDataTypeParameters>
<autoIncrementCycle>false</autoIncrementCycle>
</Column>
<Column name="data_eleiberare" id="383B9414-6E5C-B005-11CE-A332F174B99D">
<createdBy>student</createdBy>
<createdTime>2024-04-28 19:17:02 UTC</createdTime>
<generatorID>11C8CBE4-99C8-BC58-A878-3365449F722C</generatorID>
<ownerDesignName>Proiect</ownerDesignName>
<useDomainConstraints>false</useDomainConstraints>
<use>1</use>
<logicalDatatype>LOGDT007</logicalDatatype>
<ownDataTypeParameters>,,</ownDataTypeParameters>
<autoIncrementCycle>false</autoIncrementCycle>
</Column>
<Column name="id_client" id="4A794EA7-2E9B-D31A-09C8-667B20CAE27E">
<createdBy>student</createdBy>
<createdTime>2024-04-28 19:24:04 UTC</createdTime>
<generatorID>91F56F98-D504-ECC6-036A-58A5EEE0055D</generatorID>
<ownerDesignName>Proiect</ownerDesignName>
<useDomainConstraints>false</useDomainConstraints>
<use>1</use>
<logicalDatatype>LOGDT019</logicalDatatype>
<dataTypePrecision>6</dataTypePrecision>
<ownDataTypeParameters>,,</ownDataTypeParameters>
<previousColumn>false</previousColumn>
<autoIncrementCycle>false</autoIncrementCycle>
<associations>
<colAssociation fkAssociation="1DE02F0B-B6B4-C1C5-952C-5D383FD11A93" referredColumn="597EB6BC-E7E2-D7CB-68A9-7E10611770F9"/>
</associations>
</Column>
<Column name="id_camera" id="AF5C5CBF-E0C6-3FDE-FE9A-6AC9437FAACE">
<createdBy>student</createdBy>
<createdTime>2024-04-28 19:24:04 UTC</createdTime>
<generatorID>5EAA1FC8-9297-7AC0-2B71-6F3A4D943FF8</generatorID>
<ownerDesignName>Proiect</ownerDesignName>
<useDomainConstraints>false</useDomainConstraints>
<use>1</use>
<logicalDatatype>LOGDT019</logicalDatatype>
<dataTypePrecision>6</dataTypePrecision>
<ownDataTypeParameters>,,</ownDataTypeParameters>
<previousColumn>false</previousColumn>
<autoIncrementCycle>false</autoIncrementCycle>
<associations>
<colAssociation fkAssociation="86E4ADF7-05E7-8699-3E09-6DBB4E8001B9" referredColumn="BD3E2412-7A0A-9DBF-26AF-F8A59B84DA7D"/>
</associations>
</Column>
</columns>
<indexes itemClass="oracle.dbtools.crest.model.design.relational.Index">
<ind_PK_UK id="8749BFB1-D05F-A24B-0088-DE1014396BBF" name="Rezervare_PK">
<createdBy>student</createdBy>
<createdTime>2024-04-28 19:17:02 UTC</createdTime>
<generatorID>74411412-275F-007F-FCAE-75E5A1D03C13</generatorID>
<ownerDesignName>Proiect</ownerDesignName>
<pk>true</pk>
<indexState>Primary Constraint</indexState>
<isSurrogateKey>false</isSurrogateKey>
<indexColumnUsage>
<colUsage columnID="C6E32D41-3E06-AF90-F31A-E05172C49296"/>
</indexColumnUsage>
</ind_PK_UK>
<ind_PK_UK id="95E3E61E-2CCD-68A2-DBBA-8522472A2A68" name="rezervare_camera_fk">
<createdBy>student</createdBy>
<createdTime>2024-04-28 19:24:04 UTC</createdTime>
<generatorID>F6C12282-CE91-A617-E41F-BE025C3D8D1A</generatorID>
<ownerDesignName>Proiect</ownerDesignName>
<indexState>Foreign Key</indexState>
<isSurrogateKey>false</isSurrogateKey>
<indexColumnUsage>
<colUsage columnID="AF5C5CBF-E0C6-3FDE-FE9A-6AC9437FAACE"/>
</indexColumnUsage>
</ind_PK_UK>
<ind_PK_UK id="07EC925B-4A51-81BB-AEF9-3E82CCE33567" name="rezervare_client_fk">
<createdBy>student</createdBy>
<createdTime>2024-04-28 19:24:04 UTC</createdTime>
<generatorID>4DFA1367-D9C4-1DF8-EAC0-EDE111C5E484</generatorID>
<ownerDesignName>Proiect</ownerDesignName>
<indexState>Foreign Key</indexState>
<isSurrogateKey>false</isSurrogateKey>
<indexColumnUsage>
<colUsage columnID="4A794EA7-2E9B-D31A-09C8-667B20CAE27E"/>
</indexColumnUsage>
</ind_PK_UK>
</indexes>
</Table>