<?xml version = '1.0' encoding = 'UTF-8'?>
<Table class="oracle.dbtools.crest.model.design.relational.Table" directorySegmentName="seg_0" id="31DA900E-1CB7-8F2B-0CE4-C6495BBA7097" name="Camera">
<createdBy>student</createdBy>
<createdTime>2024-04-28 19:19:59 UTC</createdTime>
<generatorID>AD931B84-BED9-7498-CE57-26519659389F</generatorID>
<ownerDesignName>Proiect</ownerDesignName>
<allowColumnReorder>false</allowColumnReorder>
<existDependencyGenerateInDDl>true</existDependencyGenerateInDDl>
<parsed>true</parsed>
<columns itemClass="oracle.dbtools.crest.model.design.relational.Column">
<Column name="id_camera" id="BD3E2412-7A0A-9DBF-26AF-F8A59B84DA7D">
<createdBy>student</createdBy>
<createdTime>2024-04-28 19:19:59 UTC</createdTime>
<generatorID>53788492-0E5C-425E-2704-75DD4D7A6146</generatorID>
<ownerDesignName>Proiect</ownerDesignName>
<constraintName>camera_pk</constraintName>
<useDomainConstraints>false</useDomainConstraints>
<use>1</use>
<logicalDatatype>LOGDT019</logicalDatatype>
<dataTypePrecision>6</dataTypePrecision>
<ownDataTypeParameters>,6,</ownDataTypeParameters>
<autoIncrementCycle>false</autoIncrementCycle>
</Column>
<Column name="numar_camera" id="1554B27A-4231-8C3D-A8D3-7CD75C1C4CAA">
<createdBy>student</createdBy>
<createdTime>2024-04-28 19:19:59 UTC</createdTime>
<generatorID>0F53B7A6-4419-5802-1EC7-D1C802441687</generatorID>
<ownerDesignName>Proiect</ownerDesignName>
<useDomainConstraints>false</useDomainConstraints>
<use>1</use>
<logicalDatatype>LOGDT024</logicalDatatype>
<dataTypeSize>4</dataTypeSize>
<ownDataTypeParameters>4,,</ownDataTypeParameters>
<autoIncrementCycle>false</autoIncrementCycle>
</Column>
</columns>
<indexes itemClass="oracle.dbtools.crest.model.design.relational.Index">
<ind_PK_UK id="F9747A8A-DB43-0393-39F6-5A142775E4FF" name="Camera_PK">
<createdBy>student</createdBy>
<createdTime>2024-04-28 19:19:59 UTC</createdTime>
<generatorID>56C572D9-C838-E3B9-47C0-A07C7B3C080E</generatorID>
<ownerDesignName>Proiect</ownerDesignName>
<pk>true</pk>
<indexState>Primary Constraint</indexState>
<isSurrogateKey>false</isSurrogateKey>
<indexColumnUsage>
<colUsage columnID="BD3E2412-7A0A-9DBF-26AF-F8A59B84DA7D"/>
</indexColumnUsage>
</ind_PK_UK>
</indexes>
</Table>