<?xml version = '1.0' encoding = 'UTF-8'?>
<FunctionOracle class="oracle.dbtools.crest.model.design.storage.oracle.FunctionOracle" name="NumarZile" directorySegmentName="seg_0" id="0D9EC5E5-2867-83A4-D6CC-3B5FB71C418D">
<createdBy>student</createdBy>
<createdTime>2024-04-29 13:06:48 UTC</createdTime>
<ownerDesignName>Proiect</ownerDesignName>
<source>CREATE OR REPLACE FUNCTION NumarZile(
    p_id_rezervare IN Rezervare.id_rezervare%TYPE
)
RETURN NUMBER
IS
    v_numar NUMBER;
    v_data_rezervare Rezervare.data_rezervare%TYPE;
    v_data_eliberare Rezervare.data_eleiberare%TYPE;
BEGIN
    SELECT data_rezervare, data_eleiberare
    INTO v_data_rezervare, v_data_eliberare
    FROM Rezervare
    WHERE id_rezervare = p_id_rezervare;

    IF TRUNC(v_data_rezervare, &apos;MM&apos;) = TRUNC(v_data_eliberare, &apos;MM&apos;) THEN
        v_numar := v_data_eliberare - v_data_rezervare + 1;
    ELSE
        v_numar := LAST_DAY(v_data_rezervare) - v_data_rezervare + 1; 
        v_data_rezervare := ADD_MONTHS(v_data_rezervare, 1); 
        WHILE v_data_rezervare &lt; TRUNC(v_data_eliberare, &apos;MM&apos;) LOOP
            v_numar := v_numar + EXTRACT(DAY FROM LAST_DAY(v_data_rezervare));
            v_data_rezervare := ADD_MONTHS(v_data_rezervare, 1); 
        END LOOP;
        v_numar := v_numar + v_data_eliberare - TRUNC(v_data_eliberare, &apos;MM&apos;) + 1; 
    END IF;
    
    RETURN v_numar;
EXCEPTION
    WHEN NO_DATA_FOUND THEN
        RAISE_APPLICATION_ERROR(-20003, &apos;Rezervarea cu ID-ul &apos; || p_id_rezervare || &apos; nu există în tabelul Rezervare.&apos;);
    WHEN OTHERS THEN
        RAISE_APPLICATION_ERROR(-20002, &apos;A apărut o eroare în timpul calculului numărului de zile.&apos;);
END NumarZile;</source>
</FunctionOracle>