<?xml version = '1.0' encoding = 'UTF-8'?>
<FunctionOracle class="oracle.dbtools.crest.model.design.storage.oracle.FunctionOracle" name="Returnare_pret" directorySegmentName="seg_0" id="6EC91A9B-AE3D-CEA9-5C71-CF238F206FAC">
<createdBy>student</createdBy>
<createdTime>2024-04-29 12:39:11 UTC</createdTime>
<ownerDesignName>Proiect</ownerDesignName>
<source>CREATE OR REPLACE FUNCTION Returnare_pret(p_id_camera IN detalii_camera.id_camera%TYPE) 
   RETURN detalii_camera.pret_noapte%TYPE 
AS 
   v_pret detalii_camera.pret_noapte%TYPE;

BEGIN
    SELECT pret_noapte INTO v_pret
    FROM detalii_camera
    WHERE id_camera = p_id_camera;

    RETURN v_pret;
EXCEPTION
    WHEN NO_DATA_FOUND THEN
        RETURN NULL; 
END Returnare_pret;</source>
</FunctionOracle>