<?xml version = '1.0' encoding = 'UTF-8'?>
<Diagram class="oracle.dbtools.crest.swingui.relational.DPVRelational" name="Relational_1" id="3B5BFE94-EB88-B1A7-252C-D71BE49F7393">
<createdBy>student</createdBy>
<modifiedBy>student</modifiedBy>
<createdTime>2024-04-28 18:57:54 UTC</createdTime>
<autoRoute>false</autoRoute>
<boxInbox>true</boxInbox>
<showLegend>false</showLegend>
<showLabels>false</showLabels>
<showRelAttributes>false</showRelAttributes>
<gridEnabled>false</gridEnabled>
<showGrid>false</showGrid>
<diagramColor>-1</diagramColor>
<display>false</display>
<notation>1</notation>
<objectViews>
<OView class="oracle.dbtools.crest.swingui.relational.TVTable" oid="0C55A7DA-9787-40F0-E54F-53D92CB3EB60" otype="Table" vid="1BB47CD1-5D7D-EEA5-E569-D8FDF1FC33CF">
<hideElementsInCurrentOnly>false</hideElementsInCurrentOnly>
<bounds x="102" y="322" width="316" height="163"/>
</OView>
<OView class="oracle.dbtools.crest.swingui.relational.TVTable" oid="17A9434D-42C8-F71C-BE02-AAAA759CEF3E" otype="Table" vid="25B5A110-7A7C-EA2C-E1DB-4DC12306EB96">
<hideElementsInCurrentOnly>false</hideElementsInCurrentOnly>
<bounds x="611" y="53" width="283" height="214"/>
</OView>
<OView class="oracle.dbtools.crest.swingui.relational.TVTable" oid="31DA900E-1CB7-8F2B-0CE4-C6495BBA7097" otype="Table" vid="8AC3E360-3F04-5C8D-4A4C-4BC5DFA79D0C">
<hideElementsInCurrentOnly>false</hideElementsInCurrentOnly>
<bounds x="633" y="333" width="231" height="139"/>
</OView>
<OView class="oracle.dbtools.crest.swingui.relational.TVTable" oid="BD6AEF36-2E6F-C6B8-FB74-0CB380529104" otype="Table" vid="AFAA9FB1-523B-D4B0-A5C0-AE441DFAC2A5">
<hideElementsInCurrentOnly>false</hideElementsInCurrentOnly>
<bounds x="158" y="25" width="233" height="158"/>
</OView>
</objectViews>
<connectors>
<Connector class="oracle.dbtools.crest.swingui.relational.TVFKRelation" oid="1DE02F0B-B6B4-C1C5-952C-5D383FD11A93" otype="FKIndexAssociation" vid_source="AFAA9FB1-523B-D4B0-A5C0-AE441DFAC2A5" vid_target="25B5A110-7A7C-EA2C-E1DB-4DC12306EB96">
<hideElementsInCurrentOnly>false</hideElementsInCurrentOnly>
<backgroundColor>-16777216</backgroundColor>
<lineWidth>1</lineWidth>
<points>
<point x="391" y="118"/>
<point x="611" y="118"/>
</points>
</Connector>
<Connector class="oracle.dbtools.crest.swingui.relational.TVFKRelation" oid="86E4ADF7-05E7-8699-3E09-6DBB4E8001B9" otype="FKIndexAssociation" vid_source="8AC3E360-3F04-5C8D-4A4C-4BC5DFA79D0C" vid_target="25B5A110-7A7C-EA2C-E1DB-4DC12306EB96">
<hideElementsInCurrentOnly>false</hideElementsInCurrentOnly>
<backgroundColor>-16777216</backgroundColor>
<lineWidth>1</lineWidth>
<points>
<point x="748" y="333"/>
<point x="748" y="267"/>
</points>
</Connector>
<Connector class="oracle.dbtools.crest.swingui.relational.TVFKRelation" oid="EBBECD83-9175-24D4-AD2F-E80C8E35CDAD" otype="FKIndexAssociation" vid_source="8AC3E360-3F04-5C8D-4A4C-4BC5DFA79D0C" vid_target="1BB47CD1-5D7D-EEA5-E569-D8FDF1FC33CF">
<hideElementsInCurrentOnly>false</hideElementsInCurrentOnly>
<backgroundColor>-16777216</backgroundColor>
<lineWidth>1</lineWidth>
<points>
<point x="633" y="402"/>
<point x="418" y="402"/>
</points>
</Connector>
</connectors>
</Diagram>