<?xml version = '1.0' encoding = 'UTF-8'?>
<FunctionOracle class="oracle.dbtools.crest.model.design.storage.oracle.FunctionOracle" name="Returnare_email" directorySegmentName="seg_0" id="D7612780-5E6F-4369-4DB1-9C6031219B67">
<createdBy>student</createdBy>
<createdTime>2024-04-29 12:14:14 UTC</createdTime>
<ownerDesignName>Proiect</ownerDesignName>
<source>CREATE OR REPLACE FUNCTION Returnare_email(p_id_client IN clienti.id_client%TYPE) 
   RETURN clienti.email%TYPE 
AS 
   v_email clienti.email%TYPE;

BEGIN
    SELECT email INTO v_email
    FROM clienti
    WHERE id_client = p_id_client;

    RETURN v_email;
EXCEPTION
    WHEN NO_DATA_FOUND THEN
        RETURN NULL; 
END Returnare_email;</source>
</FunctionOracle>