<?xml version = '1.0' encoding = 'UTF-8'?>
<Table class="oracle.dbtools.crest.model.design.relational.Table" directorySegmentName="seg_0" id="0C55A7DA-9787-40F0-E54F-53D92CB3EB60" name="Detalii_camera">
<createdBy>student</createdBy>
<createdTime>2024-04-28 19:08:59 UTC</createdTime>
<generatorID>9A2D2255-C2B6-FD08-4A4A-56DAD8647352</generatorID>
<ownerDesignName>Proiect</ownerDesignName>
<allowColumnReorder>false</allowColumnReorder>
<existDependencyGenerateInDDl>true</existDependencyGenerateInDDl>
<parsed>true</parsed>
<columns itemClass="oracle.dbtools.crest.model.design.relational.Column">
<Column name="pret_noapte" id="6F9EAA03-65FB-0A8B-4DFF-0737B335395A">
<createdBy>student</createdBy>
<createdTime>2024-04-28 19:08:59 UTC</createdTime>
<generatorID>8B17520F-1424-34BA-640C-6BF28AC796EE</generatorID>
<ownerDesignName>Proiect</ownerDesignName>
<useDomainConstraints>false</useDomainConstraints>
<use>1</use>
<logicalDatatype>LOGDT019</logicalDatatype>
<dataTypePrecision>6</dataTypePrecision>
<ownDataTypeParameters>,6,</ownDataTypeParameters>
<autoIncrementCycle>false</autoIncrementCycle>
</Column>
<Column name="etaj" id="459EA96E-3828-4BC0-0BE4-6A4FAB8189B8">
<createdBy>student</createdBy>
<createdTime>2024-04-28 19:08:59 UTC</createdTime>
<generatorID>E0F1D5AC-22F7-7201-B6E7-BF309746B4AA</generatorID>
<ownerDesignName>Proiect</ownerDesignName>
<constraintName>etaj1</constraintName>
<useDomainConstraints>false</useDomainConstraints>
<use>1</use>
<logicalDatatype>LOGDT019</logicalDatatype>
<dataTypePrecision>2</dataTypePrecision>
<ownDataTypeParameters>,2,</ownDataTypeParameters>
<autoIncrementCycle>false</autoIncrementCycle>
<listOfRanges>
<rangeDef class="oracle.dbtools.crest.model.design.constraint.AVT">
<beginValue>0</beginValue>
<endValue>61</endValue>
</rangeDef>
</listOfRanges>
</Column>
<Column name="tip_camera" id="278D59DC-504C-48A0-2D32-10CEAB1F52A6">
<createdBy>student</createdBy>
<createdTime>2024-04-28 19:08:59 UTC</createdTime>
<generatorID>098F7F7B-C48D-FEEC-2F12-E07C1F55CC61</generatorID>
<ownerDesignName>Proiect</ownerDesignName>
<useDomainConstraints>false</useDomainConstraints>
<use>1</use>
<logicalDatatype>LOGDT024</logicalDatatype>
<dataTypeSize>20</dataTypeSize>
<ownDataTypeParameters>20,,</ownDataTypeParameters>
<autoIncrementCycle>false</autoIncrementCycle>
</Column>
<Column name="capacitate" id="40521ED6-2252-9B37-7EA9-C3B664666285">
<createdBy>student</createdBy>
<createdTime>2024-04-28 19:08:59 UTC</createdTime>
<generatorID>ACB21C67-AA78-E292-6717-FEAD42ACBD13</generatorID>
<ownerDesignName>Proiect</ownerDesignName>
<constraintName>capacitate</constraintName>
<useDomainConstraints>false</useDomainConstraints>
<use>1</use>
<logicalDatatype>LOGDT019</logicalDatatype>
<dataTypePrecision>3</dataTypePrecision>
<ownDataTypeParameters>,3,</ownDataTypeParameters>
<autoIncrementCycle>false</autoIncrementCycle>
<listOfRanges>
<rangeDef class="oracle.dbtools.crest.model.design.constraint.AVT">
<beginValue>1</beginValue>
<endValue>4</endValue>
</rangeDef>
</listOfRanges>
</Column>
<Column name="vedere_la_mare" id="2218BDA2-7009-6A21-F6AB-29C155DDDCC3">
<createdBy>student</createdBy>
<createdTime>2024-04-28 19:08:59 UTC</createdTime>
<generatorID>B360A26D-19F2-0657-90AC-8B2217A4FD00</generatorID>
<ownerDesignName>Proiect</ownerDesignName>
<constraintName>vedere_la_mare</constraintName>
<useDomainConstraints>false</useDomainConstraints>
<use>1</use>
<logicalDatatype>LOGDT025</logicalDatatype>
<dataTypeSize>3</dataTypeSize>
<listOfValues>
<valueDef value="DA" description=""/>
<valueDef value="NU" description=""/>
</listOfValues>
<ownDataTypeParameters>3,,</ownDataTypeParameters>
<autoIncrementCycle>false</autoIncrementCycle>
</Column>
<Column name="balcon" id="683B1F91-EB27-FD36-1CD9-F2D4132B3724">
<createdBy>student</createdBy>
<createdTime>2024-04-28 19:08:59 UTC</createdTime>
<generatorID>DA1A7224-3F23-81EE-7209-71B090C9C4DE</generatorID>
<ownerDesignName>Proiect</ownerDesignName>
<constraintName>balcon</constraintName>
<useDomainConstraints>false</useDomainConstraints>
<use>1</use>
<logicalDatatype>LOGDT024</logicalDatatype>
<dataTypeSize>9</dataTypeSize>
<listOfValues>
<valueDef value="COMUN" description=""/>
<valueDef value="PROPRIU" description=""/>
</listOfValues>
<ownDataTypeParameters>9,,</ownDataTypeParameters>
<autoIncrementCycle>false</autoIncrementCycle>
</Column>
<Column name="id_camera" id="6BC020DA-D4A7-D4EB-2855-EA839717C0F2">
<createdBy>student</createdBy>
<createdTime>2024-04-28 19:22:16 UTC</createdTime>
<generatorID>18C2A46E-315C-6AFE-6AB1-184C4B5FCFD9</generatorID>
<ownerDesignName>Proiect</ownerDesignName>
<useDomainConstraints>false</useDomainConstraints>
<use>1</use>
<logicalDatatype>LOGDT019</logicalDatatype>
<dataTypePrecision>6</dataTypePrecision>
<ownDataTypeParameters>,6,</ownDataTypeParameters>
<previousColumn>false</previousColumn>
<autoIncrementCycle>false</autoIncrementCycle>
<associations>
<colAssociation fkAssociation="EBBECD83-9175-24D4-AD2F-E80C8E35CDAD" referredColumn="BD3E2412-7A0A-9DBF-26AF-F8A59B84DA7D"/>
</associations>
</Column>
</columns>
<indexes itemClass="oracle.dbtools.crest.model.design.relational.Index">
<ind_PK_UK id="BE993410-2085-4154-3398-6451013B49BF" name="Detalii_camera__IDX">
<createdBy>student</createdBy>
<createdTime>2024-04-28 19:22:16 UTC</createdTime>
<ownerDesignName>Proiect</ownerDesignName>
<indexState>Unique Plain Index</indexState>
<isSurrogateKey>false</isSurrogateKey>
<relationGeneratorID>F8392891-7DBD-4920-1862-21154567088B</relationGeneratorID>
<indexColumnUsage>
<colUsage columnID="6BC020DA-D4A7-D4EB-2855-EA839717C0F2"/>
</indexColumnUsage>
</ind_PK_UK>
<ind_PK_UK id="5852A456-04D9-1B18-D8B7-4A2B00BAA06E" name="detalii_camera_fk">
<createdBy>student</createdBy>
<createdTime>2024-04-28 19:22:16 UTC</createdTime>
<generatorID>F8392891-7DBD-4920-1862-21154567088B</generatorID>
<ownerDesignName>Proiect</ownerDesignName>
<indexState>Foreign Key</indexState>
<isSurrogateKey>false</isSurrogateKey>
<indexColumnUsage>
<colUsage columnID="6BC020DA-D4A7-D4EB-2855-EA839717C0F2"/>
</indexColumnUsage>
</ind_PK_UK>
</indexes>
</Table>