<?xml version = '1.0' encoding = 'UTF-8'?>
<Entity class="oracle.dbtools.crest.model.design.logical.Entity" directorySegmentName="seg_0" id="AD931B84-BED9-7498-CE57-26519659389F" name="Camera">
<createdBy>student</createdBy>
<createdTime>2024-04-28 19:18:46 UTC</createdTime>
<ownerDesignName>Proiect</ownerDesignName>
<engineerTo>
<item key="066F9C1C-C022-5AB0-8277-5219976CD2EE" value="true"/>
</engineerTo>
<adequatelyNormalized>NO</adequatelyNormalized>
<expectedVolumes>0</expectedVolumes>
<fwdEngineeringStrategyName>Single Table</fwdEngineeringStrategyName>
<growthPercent>0</growthPercent>
<growthType>Year</growthType>
<maxVolumes>9999999</maxVolumes>
<minVolumes>0</minVolumes>
<normalForm>Third</normalForm>
<attributes itemClass="oracle.dbtools.crest.model.design.logical.Attribute">
<Attribute name="id_camera" id="53788492-0E5C-425E-2704-75DD4D7A6146">
<createdBy>student</createdBy>
<createdTime>2024-04-28 19:19:00 UTC</createdTime>
<ownerDesignName>Proiect</ownerDesignName>
<engineerTo>
<item key="066F9C1C-C022-5AB0-8277-5219976CD2EE" value="true"/>
</engineerTo>
<constraintName>camera_pk</constraintName>
<useDomainConstraints>false</useDomainConstraints>
<use>1</use>
<logicalDatatype>LOGDT019</logicalDatatype>
<dataTypePrecision>6</dataTypePrecision>
<ownDataTypeParameters>,6,</ownDataTypeParameters>
</Attribute>
<Attribute name="numar_camera" id="0F53B7A6-4419-5802-1EC7-D1C802441687">
<createdBy>student</createdBy>
<createdTime>2024-04-28 19:19:37 UTC</createdTime>
<ownerDesignName>Proiect</ownerDesignName>
<engineerTo>
<item key="066F9C1C-C022-5AB0-8277-5219976CD2EE" value="true"/>
</engineerTo>
<useDomainConstraints>false</useDomainConstraints>
<use>1</use>
<logicalDatatype>LOGDT024</logicalDatatype>
<dataTypeSize>4</dataTypeSize>
<ownDataTypeParameters>4,,</ownDataTypeParameters>
</Attribute>
</attributes>
<identifiers itemClass="oracle.dbtools.crest.model.design.logical.CandidateKey">
<identifier id="56C572D9-C838-E3B9-47C0-A07C7B3C080E" name="Camera PK">
<createdBy>student</createdBy>
<createdTime>2024-04-28 19:19:17 UTC</createdTime>
<ownerDesignName>Proiect</ownerDesignName>
<shouldEngineer>false</shouldEngineer>
<engineerTo>
<item key="066F9C1C-C022-5AB0-8277-5219976CD2EE" value="false"/>
</engineerTo>
<pk>true</pk>
<usedAttributes>
<attributeRef>53788492-0E5C-425E-2704-75DD4D7A6146</attributeRef>
</usedAttributes>
</identifier>
</identifiers>
</Entity>