<?xml version = '1.0' encoding = 'UTF-8'?>
<PackageOracle class="oracle.dbtools.crest.model.design.storage.oracle.PackageOracle" name="Delete_package" directorySegmentName="seg_0" id="0667B5CE-9256-4E80-A550-D0956DB68CD5">
<createdBy>student</createdBy>
<createdTime>2024-04-29 09:47:36 UTC</createdTime>
<ownerDesignName>Proiect</ownerDesignName>
<source>CREATE OR REPLACE PACKAGE Delete_package IS 
  PROCEDURE DELETE_CLIENT(p_id_client IN clienti.id_client%TYPE);
  PROCEDURE DELETE_detalii_camera(p_id_camera IN Detalii_camera.id_camera%TYPE);
  PROCEDURE DELETE_rezervare(p_id_rezervare IN Rezervare.id_rezervare%TYPE);
  PROCEDURE DELETE_camera(v_id_camera IN Camera.id_camera%TYPE);
END;</source>
</PackageOracle>