<?xml version = '1.0' encoding = 'UTF-8'?>
<PackageOracle class="oracle.dbtools.crest.model.design.storage.oracle.PackageOracle" name="Insert_package" directorySegmentName="seg_0" id="8768C7A2-13AD-0BD3-A346-E046A722030F">
<createdBy>student</createdBy>
<createdTime>2024-04-29 05:56:53 UTC</createdTime>
<ownerDesignName>Proiect</ownerDesignName>
<source>CREATE OR REPLACE PACKAGE Insert_package IS 
  PROCEDURE insert_client(v_id_client IN clienti.id_client%TYPE, v_nume IN clienti.nume%TYPE, v_prenume IN clienti.prenume%TYPE, v_telefon IN clienti.telefon%TYPE, v_email IN clienti.email%TYPE, v_varsta IN clienti.varsta%TYPE);
  PROCEDURE insert_detalii_camera(v_pret_noapte IN Detalii_camera.pret_noapte%TYPE, v_etaj IN Detalii_camera.etaj%TYPE, v_tip_camera IN Detalii_camera.tip_camera%TYPE, v_capacitate IN Detalii_camera.capacitate%TYPE, v_vedere_la_mare IN Detalii_camera.vedere_la_mare%TYPE, v_balcon IN Detalii_camera.balcon%TYPE, v_id_camera IN Detalii_camera.id_camera%TYPE);
  PROCEDURE insert_rezervare(v_id_rezervare IN Rezervare.id_rezervare%TYPE, v_numar_nopti IN Rezervare.numar_nopti%TYPE, v_total_plata IN Rezervare.total_plata%TYPE, v_data_rezervare IN Rezervare.data_rezervare%TYPE, v_data_eliberare IN Rezervare.data_eleiberare%TYPE, v_id_client IN Rezervare.id_client%TYPE,  v_id_camera IN Rezervare.id_camera%TYPE);
  PROCEDURE insert_camera(v_numar_camera IN Camera.numar_camera%TYPE, v_id_camera IN Camera.id_camera%TYPE);
END;

CREATE OR REPLACE PACKAGE BODY Insert_package AS 
  PROCEDURE insert_client(v_id_client IN clienti.id_client%TYPE, v_nume IN clienti.nume%TYPE, v_prenume IN clienti.prenume%TYPE, v_telefon IN clienti.telefon%TYPE, v_email IN clienti.email%TYPE, v_varsta IN clienti.varsta%TYPE) IS
  BEGIN
    INSERT INTO clienti (id_client, nume, prenume, telefon, email, varsta)
    VALUES (v_id_client, v_nume, v_prenume, v_telefon, v_email, v_varsta);
  END insert_client;
  
  PROCEDURE insert_detalii_camera(v_pret_noapte IN Detalii_camera.pret_noapte%TYPE, v_etaj IN Detalii_camera.etaj%TYPE, v_tip_camera IN Detalii_camera.tip_camera%TYPE, v_capacitate IN Detalii_camera.capacitate%TYPE, v_vedere_la_mare IN Detalii_camera.vedere_la_mare%TYPE, v_balcon IN Detalii_camera.balcon%TYPE, v_id_camera IN Detalii_camera.id_camera%TYPE) IS
  BEGIN
    INSERT INTO Detalii_camera (pret_noapte, etaj, tip_camera, capacitate, vedere_la_mare, balcon, id_camera)
    VALUES (v_pret_noapte, v_etaj, v_tip_camera, v_capacitate, v_vedere_la_mare, v_balcon, v_id_camera);
  END insert_detalii_camera;
  
  PROCEDURE insert_rezervare(v_id_rezervare IN Rezervare.id_rezervare%TYPE, v_numar_nopti IN Rezervare.numar_nopti%TYPE, v_total_plata IN Rezervare.total_plata%TYPE, v_data_rezervare IN Rezervare.data_rezervare%TYPE, v_data_eliberare IN Rezervare.data_eleiberare%TYPE, v_id_client IN Rezervare.id_client%TYPE, v_id_camera IN Rezervare.id_camera%TYPE) IS
  BEGIN
    INSERT INTO Rezervare (id_rezervare, numar_nopti, total_plata, data_rezervare, data_eleiberare, id_client, id_camera)
    VALUES (v_id_rezervare, v_numar_nopti, v_total_plata, v_data_rezervare, v_data_eliberare, v_id_client, v_id_camera);
  END insert_rezervare;
  
  PROCEDURE insert_camera(v_numar_camera IN Camera.numar_camera%TYPE, v_id_camera IN Camera.id_camera%TYPE) IS
  BEGIN
    INSERT INTO Camera (numar_camera, id_camera)
    VALUES (v_numar_camera, v_id_camera);
  END insert_camera;
END;</source>
</PackageOracle>