<?xml version = '1.0' encoding = 'UTF-8'?>
<TableProxyOraclev11g class="oracle.dbtools.crest.model.design.storage.oracle.v11g.TableProxyOraclev11g" name="Camera" directorySegmentName="seg_0" id="31DA900E-1CB7-8F2B-0CE4-C6495BBA7097">
<createdBy>student</createdBy>
<createdTime>2024-04-28 19:19:59 UTC</createdTime>
<ownerDesignName>Proiect</ownerDesignName>
<logging>YES</logging>
<partitionedRowMovement>DISABLE</partitionedRowMovement>
<temporaryChanged>false</temporaryChanged>
<accessDriverType>oracle_loader</accessDriverType>
<rejectLimit></rejectLimit>
<columnProxies itemClass="oracle.dbtools.crest.model.design.storage.oracle.v12c.ColumnProxyOraclev12c">
<ColumnProxy name="numar_camera" id="1554B27A-4231-8C3D-A8D3-7CD75C1C4CAA">
<createdBy>student</createdBy>
<createdTime>2024-04-28 19:19:59 UTC</createdTime>
<ownerDesignName>Proiect</ownerDesignName>
</ColumnProxy>
<ColumnProxy name="id_camera" id="BD3E2412-7A0A-9DBF-26AF-F8A59B84DA7D">
<createdBy>student</createdBy>
<createdTime>2024-04-28 19:19:59 UTC</createdTime>
<ownerDesignName>Proiect</ownerDesignName>
</ColumnProxy>
</columnProxies>
<primaryKeys>
<PrimaryKey class="oracle.dbtools.crest.model.design.storage.oracle.v10g.PKProxyOraclev10g" name="Camera_PK" id="F9747A8A-DB43-0393-39F6-5A142775E4FF">
<createdBy>student</createdBy>
<createdTime>2024-04-28 19:19:59 UTC</createdTime>
<ownerDesignName>Proiect</ownerDesignName>
<indexSort>SORTED</indexSort>
</PrimaryKey>
</primaryKeys>
</TableProxyOraclev11g>