<?xml version = '1.0' encoding = 'UTF-8'?>
<Relation class="oracle.dbtools.crest.model.design.logical.Relation" name="rezervare_client_fk" directorySegmentName="seg_0" id="4DFA1367-D9C4-1DF8-EAC0-EDE111C5E484">
<createdBy>student</createdBy>
<createdTime>2024-04-28 19:23:10 UTC</createdTime>
<ownerDesignName>Proiect</ownerDesignName>
<engineerTo>
<item key="066F9C1C-C022-5AB0-8277-5219976CD2EE" value="true"/>
</engineerTo>
<sourcePk>9509F482-7E04-5267-D322-5DDE49AC781C</sourcePk>
<identifying>false</identifying>
<optionalSource>true</optionalSource>
<optionalTarget>false</optionalTarget>
<sourceCardinality>1</sourceCardinality>
<sourceEntity>A5952E86-1587-AD38-BEA6-D27C585E2796</sourceEntity>
<targetCardinalityString>*</targetCardinalityString>
<targetEntity>4643F0FE-EEDB-9454-1265-D4F023E5C2DD</targetEntity>
<transferable>true</transferable>
<deleteRule>NO ACTION</deleteRule>
</Relation>