<?xml version = '1.0' encoding = 'UTF-8'?>
<Entity class="oracle.dbtools.crest.model.design.logical.Entity" directorySegmentName="seg_0" id="9A2D2255-C2B6-FD08-4A4A-56DAD8647352" name="Detalii_camera">
<createdBy>student</createdBy>
<createdTime>2024-04-28 18:59:21 UTC</createdTime>
<ownerDesignName>Proiect</ownerDesignName>
<engineerTo>
<item key="066F9C1C-C022-5AB0-8277-5219976CD2EE" value="true"/>
</engineerTo>
<adequatelyNormalized>NO</adequatelyNormalized>
<expectedVolumes>0</expectedVolumes>
<fwdEngineeringStrategyName>Single Table</fwdEngineeringStrategyName>
<growthPercent>0</growthPercent>
<growthType>Year</growthType>
<maxVolumes>9999999</maxVolumes>
<minVolumes>0</minVolumes>
<normalForm>Third</normalForm>
<attributes itemClass="oracle.dbtools.crest.model.design.logical.Attribute">
<Attribute name="pret_noapte" id="8B17520F-1424-34BA-640C-6BF28AC796EE">
<createdBy>student</createdBy>
<createdTime>2024-04-28 18:59:59 UTC</createdTime>
<ownerDesignName>Proiect</ownerDesignName>
<engineerTo>
<item key="066F9C1C-C022-5AB0-8277-5219976CD2EE" value="true"/>
</engineerTo>
<useDomainConstraints>false</useDomainConstraints>
<use>1</use>
<logicalDatatype>LOGDT019</logicalDatatype>
<dataTypePrecision>6</dataTypePrecision>
<ownDataTypeParameters>,6,</ownDataTypeParameters>
</Attribute>
<Attribute name="etaj" id="E0F1D5AC-22F7-7201-B6E7-BF309746B4AA">
<createdBy>student</createdBy>
<createdTime>2024-04-28 19:01:04 UTC</createdTime>
<ownerDesignName>Proiect</ownerDesignName>
<engineerTo>
<item key="066F9C1C-C022-5AB0-8277-5219976CD2EE" value="true"/>
</engineerTo>
<constraintName>etaj1</constraintName>
<useDomainConstraints>false</useDomainConstraints>
<use>1</use>
<logicalDatatype>LOGDT019</logicalDatatype>
<dataTypePrecision>2</dataTypePrecision>
<ownDataTypeParameters>,2,</ownDataTypeParameters>
<listOfRanges>
<rangeDef class="oracle.dbtools.crest.model.design.constraint.AVT">
<beginValue>0</beginValue>
<endValue>61</endValue>
</rangeDef>
</listOfRanges>
</Attribute>
<Attribute name="tip_camera" id="098F7F7B-C48D-FEEC-2F12-E07C1F55CC61">
<createdBy>student</createdBy>
<createdTime>2024-04-28 19:01:32 UTC</createdTime>
<ownerDesignName>Proiect</ownerDesignName>
<engineerTo>
<item key="066F9C1C-C022-5AB0-8277-5219976CD2EE" value="true"/>
</engineerTo>
<useDomainConstraints>false</useDomainConstraints>
<use>1</use>
<logicalDatatype>LOGDT024</logicalDatatype>
<dataTypeSize>20</dataTypeSize>
<ownDataTypeParameters>20,,</ownDataTypeParameters>
</Attribute>
<Attribute name="capacitate" id="ACB21C67-AA78-E292-6717-FEAD42ACBD13">
<createdBy>student</createdBy>
<createdTime>2024-04-28 19:02:07 UTC</createdTime>
<ownerDesignName>Proiect</ownerDesignName>
<engineerTo>
<item key="066F9C1C-C022-5AB0-8277-5219976CD2EE" value="true"/>
</engineerTo>
<constraintName>capacitate</constraintName>
<useDomainConstraints>false</useDomainConstraints>
<use>1</use>
<logicalDatatype>LOGDT019</logicalDatatype>
<dataTypePrecision>3</dataTypePrecision>
<ownDataTypeParameters>,3,</ownDataTypeParameters>
<listOfRanges>
<rangeDef class="oracle.dbtools.crest.model.design.constraint.AVT">
<beginValue>1</beginValue>
<endValue>4</endValue>
</rangeDef>
</listOfRanges>
</Attribute>
<Attribute name="vedere_la_mare" id="B360A26D-19F2-0657-90AC-8B2217A4FD00">
<createdBy>student</createdBy>
<createdTime>2024-04-28 19:02:43 UTC</createdTime>
<ownerDesignName>Proiect</ownerDesignName>
<engineerTo>
<item key="066F9C1C-C022-5AB0-8277-5219976CD2EE" value="true"/>
</engineerTo>
<constraintName>vedere_la_mare</constraintName>
<useDomainConstraints>false</useDomainConstraints>
<use>1</use>
<logicalDatatype>LOGDT025</logicalDatatype>
<dataTypeSize>3</dataTypeSize>
<listOfValues>
<valueDef value="DA" description=""/>
<valueDef value="NU" description=""/>
</listOfValues>
<ownDataTypeParameters>3,,</ownDataTypeParameters>
</Attribute>
<Attribute name="balcon" id="DA1A7224-3F23-81EE-7209-71B090C9C4DE">
<createdBy>student</createdBy>
<createdTime>2024-04-28 19:03:27 UTC</createdTime>
<ownerDesignName>Proiect</ownerDesignName>
<engineerTo>
<item key="066F9C1C-C022-5AB0-8277-5219976CD2EE" value="true"/>
</engineerTo>
<constraintName>balcon</constraintName>
<useDomainConstraints>false</useDomainConstraints>
<use>1</use>
<logicalDatatype>LOGDT024</logicalDatatype>
<dataTypeSize>9</dataTypeSize>
<listOfValues>
<valueDef value="COMUN" description=""/>
<valueDef value="PROPRIU" description=""/>
</listOfValues>
<ownDataTypeParameters>9,,</ownDataTypeParameters>
</Attribute>
<Attribute name="id_camera" id="18C2A46E-315C-6AFE-6AB1-184C4B5FCFD9">
<createdBy>student</createdBy>
<createdTime>2024-04-28 19:21:55 UTC</createdTime>
<generatorID>F8392891-7DBD-4920-1862-21154567088B</generatorID>
<ownerDesignName>Proiect</ownerDesignName>
<engineerTo>
<item key="066F9C1C-C022-5AB0-8277-5219976CD2EE" value="true"/>
</engineerTo>
<referedAttribute>53788492-0E5C-425E-2704-75DD4D7A6146</referedAttribute>
<useDomainConstraints>false</useDomainConstraints>
<use>1</use>
<logicalDatatype>LOGDT019</logicalDatatype>
<dataTypePrecision>6</dataTypePrecision>
<ownDataTypeParameters>,6,</ownDataTypeParameters>
</Attribute>
</attributes>
</Entity>