<?xml version = '1.0' encoding = 'UTF-8'?>
<Table class="oracle.dbtools.crest.model.design.relational.Table" directorySegmentName="seg_0" id="BD6AEF36-2E6F-C6B8-FB74-0CB380529104" name="Clienti">
<createdBy>student</createdBy>
<createdTime>2024-04-28 18:57:54 UTC</createdTime>
<generatorID>A5952E86-1587-AD38-BEA6-D27C585E2796</generatorID>
<ownerDesignName>Proiect</ownerDesignName>
<allowColumnReorder>false</allowColumnReorder>
<existDependencyGenerateInDDl>true</existDependencyGenerateInDDl>
<parsed>true</parsed>
<columns itemClass="oracle.dbtools.crest.model.design.relational.Column">
<Column name="id_client" id="597EB6BC-E7E2-D7CB-68A9-7E10611770F9">
<createdBy>student</createdBy>
<createdTime>2024-04-28 18:57:54 UTC</createdTime>
<generatorID>C7846B50-5E40-88D6-4E79-DA827831BCE1</generatorID>
<ownerDesignName>Proiect</ownerDesignName>
<constraintName>client_pk</constraintName>
<useDomainConstraints>false</useDomainConstraints>
<use>1</use>
<logicalDatatype>LOGDT019</logicalDatatype>
<dataTypePrecision>6</dataTypePrecision>
<ownDataTypeParameters>,6,</ownDataTypeParameters>
<autoIncrementCycle>false</autoIncrementCycle>
</Column>
<Column name="nume" id="3D075251-B593-617A-877E-220E36FAC4D4">
<createdBy>student</createdBy>
<createdTime>2024-04-28 18:57:54 UTC</createdTime>
<generatorID>A1F9E707-76CD-A39C-38B5-D1B8E4128B78</generatorID>
<ownerDesignName>Proiect</ownerDesignName>
<useDomainConstraints>false</useDomainConstraints>
<use>1</use>
<logicalDatatype>LOGDT024</logicalDatatype>
<dataTypeSize>20</dataTypeSize>
<ownDataTypeParameters>20,,</ownDataTypeParameters>
<autoIncrementCycle>false</autoIncrementCycle>
</Column>
<Column name="prenume" id="991FE8CE-1582-2594-4ABD-300016C542B8">
<createdBy>student</createdBy>
<createdTime>2024-04-28 18:57:54 UTC</createdTime>
<generatorID>A6454743-6D6D-9F4A-6A83-7CDDEE3B0A9E</generatorID>
<ownerDesignName>Proiect</ownerDesignName>
<useDomainConstraints>false</useDomainConstraints>
<use>1</use>
<logicalDatatype>LOGDT024</logicalDatatype>
<dataTypeSize>20</dataTypeSize>
<ownDataTypeParameters>20,,</ownDataTypeParameters>
<autoIncrementCycle>false</autoIncrementCycle>
</Column>
<Column name="telefon" id="50C17136-5046-86FF-A2F4-8E142394D0CB">
<createdBy>student</createdBy>
<createdTime>2024-04-28 18:57:54 UTC</createdTime>
<generatorID>CF347059-7C88-3617-D496-B58E800E9F72</generatorID>
<ownerDesignName>Proiect</ownerDesignName>
<constraintName>telefon</constraintName>
<useDomainConstraints>false</useDomainConstraints>
<use>1</use>
<logicalDatatype>LOGDT025</logicalDatatype>
<dataTypeSize>10</dataTypeSize>
<checkConstraint>
<implementationDef dbType="Generic Constraint" definition="length(telefon) =10"/>
</checkConstraint>
<ownDataTypeParameters>10,,</ownDataTypeParameters>
<autoIncrementCycle>false</autoIncrementCycle>
</Column>
<Column name="email" id="DE8032D0-ECB5-3E84-1827-14A5D6CFDCB3">
<createdBy>student</createdBy>
<createdTime>2024-04-28 18:57:54 UTC</createdTime>
<generatorID>6CC949FC-CE4E-09F0-D129-E08B336802EF</generatorID>
<ownerDesignName>Proiect</ownerDesignName>
<constraintName>email</constraintName>
<useDomainConstraints>false</useDomainConstraints>
<use>1</use>
<logicalDatatype>LOGDT024</logicalDatatype>
<dataTypeSize>100</dataTypeSize>
<checkConstraint>
<implementationDef dbType="Generic Constraint" definition="email LIKE  &apos;%___@___%.__%&apos;"/>
</checkConstraint>
<ownDataTypeParameters>100,,</ownDataTypeParameters>
<autoIncrementCycle>false</autoIncrementCycle>
</Column>
<Column name="varsta" id="C99BABFD-9245-4AAE-20B2-291740547878">
<createdBy>student</createdBy>
<createdTime>2024-04-28 18:57:54 UTC</createdTime>
<generatorID>639E6263-BCDC-3AC4-23AB-E96A118466DE</generatorID>
<ownerDesignName>Proiect</ownerDesignName>
<constraintName>varsta</constraintName>
<useDomainConstraints>false</useDomainConstraints>
<use>1</use>
<logicalDatatype>LOGDT019</logicalDatatype>
<dataTypePrecision>6</dataTypePrecision>
<checkConstraint>
<implementationDef dbType="Generic Constraint" definition="varsta&gt;=18"/>
</checkConstraint>
<ownDataTypeParameters>,6,</ownDataTypeParameters>
<autoIncrementCycle>false</autoIncrementCycle>
</Column>
</columns>
<indexes itemClass="oracle.dbtools.crest.model.design.relational.Index">
<ind_PK_UK id="F9068569-91CC-53C2-9FB4-8DAF8D07A4A9" name="Clienti_PK">
<createdBy>student</createdBy>
<createdTime>2024-04-28 18:57:54 UTC</createdTime>
<generatorID>9509F482-7E04-5267-D322-5DDE49AC781C</generatorID>
<ownerDesignName>Proiect</ownerDesignName>
<pk>true</pk>
<indexState>Primary Constraint</indexState>
<isSurrogateKey>false</isSurrogateKey>
<indexColumnUsage>
<colUsage columnID="597EB6BC-E7E2-D7CB-68A9-7E10611770F9"/>
</indexColumnUsage>
</ind_PK_UK>
<ind_PK_UK id="D0A8BC96-74EE-94A1-92A5-C1BFE16B4450" name="client_telefon_un">
<createdBy>student</createdBy>
<createdTime>2024-04-28 18:57:54 UTC</createdTime>
<generatorID>96C7D301-5A21-EB6B-617B-F59F3D884777</generatorID>
<ownerDesignName>Proiect</ownerDesignName>
<indexState>Unique Constraint</indexState>
<isSurrogateKey>false</isSurrogateKey>
<indexColumnUsage>
<colUsage columnID="50C17136-5046-86FF-A2F4-8E142394D0CB"/>
</indexColumnUsage>
</ind_PK_UK>
</indexes>
</Table>