<?xml version = '1.0' encoding = 'UTF-8'?>
<TableProxyOraclev11g class="oracle.dbtools.crest.model.design.storage.oracle.v11g.TableProxyOraclev11g" name="Detalii_camera" directorySegmentName="seg_0" id="0C55A7DA-9787-40F0-E54F-53D92CB3EB60">
<createdBy>student</createdBy>
<createdTime>2024-04-28 19:08:59 UTC</createdTime>
<ownerDesignName>Proiect</ownerDesignName>
<logging>YES</logging>
<partitionedRowMovement>DISABLE</partitionedRowMovement>
<temporaryChanged>false</temporaryChanged>
<accessDriverType>oracle_loader</accessDriverType>
<rejectLimit></rejectLimit>
<columnProxies itemClass="oracle.dbtools.crest.model.design.storage.oracle.v12c.ColumnProxyOraclev12c">
<ColumnProxy name="vedere_la_mare" id="2218BDA2-7009-6A21-F6AB-29C155DDDCC3">
<createdBy>student</createdBy>
<createdTime>2024-04-28 19:08:59 UTC</createdTime>
<ownerDesignName>Proiect</ownerDesignName>
</ColumnProxy>
<ColumnProxy name="tip_camera" id="278D59DC-504C-48A0-2D32-10CEAB1F52A6">
<createdBy>student</createdBy>
<createdTime>2024-04-28 19:08:59 UTC</createdTime>
<ownerDesignName>Proiect</ownerDesignName>
</ColumnProxy>
<ColumnProxy name="capacitate" id="40521ED6-2252-9B37-7EA9-C3B664666285">
<createdBy>student</createdBy>
<createdTime>2024-04-28 19:08:59 UTC</createdTime>
<ownerDesignName>Proiect</ownerDesignName>
</ColumnProxy>
<ColumnProxy name="etaj" id="459EA96E-3828-4BC0-0BE4-6A4FAB8189B8">
<createdBy>student</createdBy>
<createdTime>2024-04-28 19:08:59 UTC</createdTime>
<ownerDesignName>Proiect</ownerDesignName>
</ColumnProxy>
<ColumnProxy name="balcon" id="683B1F91-EB27-FD36-1CD9-F2D4132B3724">
<createdBy>student</createdBy>
<createdTime>2024-04-28 19:08:59 UTC</createdTime>
<ownerDesignName>Proiect</ownerDesignName>
</ColumnProxy>
<ColumnProxy name="id_camera" id="6BC020DA-D4A7-D4EB-2855-EA839717C0F2">
<createdBy>student</createdBy>
<createdTime>2024-04-28 19:22:16 UTC</createdTime>
<ownerDesignName>Proiect</ownerDesignName>
</ColumnProxy>
<ColumnProxy name="pret_noapte" id="6F9EAA03-65FB-0A8B-4DFF-0737B335395A">
<createdBy>student</createdBy>
<createdTime>2024-04-28 19:08:59 UTC</createdTime>
<ownerDesignName>Proiect</ownerDesignName>
</ColumnProxy>
</columnProxies>
<indexProxies>
<IndexProxy class="oracle.dbtools.crest.model.design.storage.oracle.v10g.IndexProxyOraclev10g" name="Detalii_camera__IDX" id="BE993410-2085-4154-3398-6451013B49BF">
<createdBy>student</createdBy>
<createdTime>2024-04-28 19:22:16 UTC</createdTime>
<ownerDesignName>Proiect</ownerDesignName>
</IndexProxy>
</indexProxies>
<foreignKeys>
<ForeignKey class="oracle.dbtools.crest.model.design.storage.oracle.v10g.FKProxyOraclev10g" name="detalii_camera_fk" id="5852A456-04D9-1B18-D8B7-4A2B00BAA06E">
<createdBy>student</createdBy>
<createdTime>2024-04-28 19:22:16 UTC</createdTime>
<ownerDesignName>Proiect</ownerDesignName>
</ForeignKey>
</foreignKeys>
</TableProxyOraclev11g>