<?xml version = '1.0' encoding = 'UTF-8'?>
<TableProxyOraclev11g class="oracle.dbtools.crest.model.design.storage.oracle.v11g.TableProxyOraclev11g" name="Clienti" directorySegmentName="seg_0" id="BD6AEF36-2E6F-C6B8-FB74-0CB380529104">
<createdBy>student</createdBy>
<createdTime>2024-04-28 18:58:10 UTC</createdTime>
<ownerDesignName>Proiect</ownerDesignName>
<logging>YES</logging>
<partitionedRowMovement>DISABLE</partitionedRowMovement>
<temporaryChanged>false</temporaryChanged>
<accessDriverType>oracle_loader</accessDriverType>
<rejectLimit></rejectLimit>
<columnProxies itemClass="oracle.dbtools.crest.model.design.storage.oracle.v12c.ColumnProxyOraclev12c">
<ColumnProxy name="nume" id="3D075251-B593-617A-877E-220E36FAC4D4">
<createdBy>student</createdBy>
<createdTime>2024-04-28 18:58:10 UTC</createdTime>
<ownerDesignName>Proiect</ownerDesignName>
</ColumnProxy>
<ColumnProxy name="telefon" id="50C17136-5046-86FF-A2F4-8E142394D0CB">
<createdBy>student</createdBy>
<createdTime>2024-04-28 18:58:10 UTC</createdTime>
<ownerDesignName>Proiect</ownerDesignName>
</ColumnProxy>
<ColumnProxy name="id_client" id="597EB6BC-E7E2-D7CB-68A9-7E10611770F9">
<createdBy>student</createdBy>
<createdTime>2024-04-28 18:58:10 UTC</createdTime>
<ownerDesignName>Proiect</ownerDesignName>
</ColumnProxy>
<ColumnProxy name="prenume" id="991FE8CE-1582-2594-4ABD-300016C542B8">
<createdBy>student</createdBy>
<createdTime>2024-04-28 18:58:10 UTC</createdTime>
<ownerDesignName>Proiect</ownerDesignName>
</ColumnProxy>
<ColumnProxy name="varsta" id="C99BABFD-9245-4AAE-20B2-291740547878">
<createdBy>student</createdBy>
<createdTime>2024-04-28 18:58:10 UTC</createdTime>
<ownerDesignName>Proiect</ownerDesignName>
</ColumnProxy>
<ColumnProxy name="email" id="DE8032D0-ECB5-3E84-1827-14A5D6CFDCB3">
<createdBy>student</createdBy>
<createdTime>2024-04-28 18:58:10 UTC</createdTime>
<ownerDesignName>Proiect</ownerDesignName>
</ColumnProxy>
</columnProxies>
<primaryKeys>
<PrimaryKey class="oracle.dbtools.crest.model.design.storage.oracle.v10g.PKProxyOraclev10g" name="Clienti_PK" id="F9068569-91CC-53C2-9FB4-8DAF8D07A4A9">
<createdBy>student</createdBy>
<createdTime>2024-04-28 18:58:10 UTC</createdTime>
<ownerDesignName>Proiect</ownerDesignName>
<indexSort>SORTED</indexSort>
</PrimaryKey>
</primaryKeys>
<uniqueKeys>
<UniqueKey class="oracle.dbtools.crest.model.design.storage.oracle.v10g.UniqueOraclev10g" name="client_telefon_un" id="D0A8BC96-74EE-94A1-92A5-C1BFE16B4450">
<createdBy>student</createdBy>
<createdTime>2024-04-28 18:58:10 UTC</createdTime>
<ownerDesignName>Proiect</ownerDesignName>
<indexSort>SORTED</indexSort>
</UniqueKey>
</uniqueKeys>
</TableProxyOraclev11g>