<?xml version = '1.0' encoding = 'UTF-8'?>
<Diagram class="oracle.dbtools.crest.swingui.logical.DPVLogical" name="Logical" id="F9E1641E-B639-B5E5-CAC2-3CBCB242300E">
<createdBy>student</createdBy>
<modifiedBy>student</modifiedBy>
<createdTime>2024-04-28 17:21:31 UTC</createdTime>
<autoRoute>false</autoRoute>
<boxInbox>true</boxInbox>
<showLegend>false</showLegend>
<showLabels>false</showLabels>
<showRelAttributes>false</showRelAttributes>
<gridEnabled>false</gridEnabled>
<showGrid>false</showGrid>
<diagramColor>-1</diagramColor>
<display>false</display>
<notation>1</notation>
<objectViews>
<OView class="oracle.dbtools.crest.swingui.logical.TVEntity" oid="4643F0FE-EEDB-9454-1265-D4F023E5C2DD" otype="Entity" vid="9B2D87DB-46D0-1E58-4670-97312AAF7C61">
<hideElementsInCurrentOnly>false</hideElementsInCurrentOnly>
<bounds x="171" y="332" width="170" height="110"/>
</OView>
<OView class="oracle.dbtools.crest.swingui.logical.TVEntity" oid="9A2D2255-C2B6-FD08-4A4A-56DAD8647352" otype="Entity" vid="E83700F8-4360-C35F-D6C6-2CB9EFFE23B9">
<hideElementsInCurrentOnly>false</hideElementsInCurrentOnly>
<bounds x="557" y="123" width="170" height="110"/>
</OView>
<OView class="oracle.dbtools.crest.swingui.logical.TVEntity" oid="A5952E86-1587-AD38-BEA6-D27C585E2796" otype="Entity" vid="62AEB5CA-CF06-89D9-87EC-5E3B3D94FC57">
<hideElementsInCurrentOnly>false</hideElementsInCurrentOnly>
<bounds x="179" y="123" width="170" height="110"/>
</OView>
<OView class="oracle.dbtools.crest.swingui.logical.TVEntity" oid="AD931B84-BED9-7498-CE57-26519659389F" otype="Entity" vid="63E9BF20-2EDA-F673-6A65-D7C65FA88E22">
<hideElementsInCurrentOnly>false</hideElementsInCurrentOnly>
<bounds x="587" y="374" width="170" height="110"/>
</OView>
</objectViews>
<connectors>
<Connector class="oracle.dbtools.crest.swingui.logical.TVRelation" oid="4DFA1367-D9C4-1DF8-EAC0-EDE111C5E484" otype="Relation" vid_source="62AEB5CA-CF06-89D9-87EC-5E3B3D94FC57" vid_target="9B2D87DB-46D0-1E58-4670-97312AAF7C61">
<hideElementsInCurrentOnly>false</hideElementsInCurrentOnly>
<backgroundColor>-16777216</backgroundColor>
<lineWidth>1</lineWidth>
<points>
<point x="245" y="233"/>
<point x="245" y="332"/>
</points>
</Connector>
<Connector class="oracle.dbtools.crest.swingui.logical.TVRelation" oid="F6C12282-CE91-A617-E41F-BE025C3D8D1A" otype="Relation" vid_source="63E9BF20-2EDA-F673-6A65-D7C65FA88E22" vid_target="9B2D87DB-46D0-1E58-4670-97312AAF7C61">
<hideElementsInCurrentOnly>false</hideElementsInCurrentOnly>
<backgroundColor>-16777216</backgroundColor>
<lineWidth>1</lineWidth>
<points>
<point x="587" y="408"/>
<point x="341" y="408"/>
</points>
</Connector>
<Connector class="oracle.dbtools.crest.swingui.logical.TVRelation" oid="F8392891-7DBD-4920-1862-21154567088B" otype="Relation" vid_source="63E9BF20-2EDA-F673-6A65-D7C65FA88E22" vid_target="E83700F8-4360-C35F-D6C6-2CB9EFFE23B9">
<hideElementsInCurrentOnly>false</hideElementsInCurrentOnly>
<backgroundColor>-16777216</backgroundColor>
<lineWidth>1</lineWidth>
<points>
<point x="657" y="374"/>
<point x="657" y="233"/>
</points>
</Connector>
</connectors>
</Diagram>