<?xml version = '1.0' encoding = 'UTF-8'?>
<TableProxyOraclev11g class="oracle.dbtools.crest.model.design.storage.oracle.v11g.TableProxyOraclev11g" name="Rezervare" directorySegmentName="seg_0" id="17A9434D-42C8-F71C-BE02-AAAA759CEF3E">
<createdBy>student</createdBy>
<createdTime>2024-04-28 19:17:02 UTC</createdTime>
<ownerDesignName>Proiect</ownerDesignName>
<logging>YES</logging>
<partitionedRowMovement>DISABLE</partitionedRowMovement>
<temporaryChanged>false</temporaryChanged>
<accessDriverType>oracle_loader</accessDriverType>
<rejectLimit></rejectLimit>
<columnProxies itemClass="oracle.dbtools.crest.model.design.storage.oracle.v12c.ColumnProxyOraclev12c">
<ColumnProxy name="data_eleiberare" id="383B9414-6E5C-B005-11CE-A332F174B99D">
<createdBy>student</createdBy>
<createdTime>2024-04-28 19:17:02 UTC</createdTime>
<ownerDesignName>Proiect</ownerDesignName>
</ColumnProxy>
<ColumnProxy name="id_client" id="4A794EA7-2E9B-D31A-09C8-667B20CAE27E">
<createdBy>student</createdBy>
<createdTime>2024-04-28 19:24:04 UTC</createdTime>
<ownerDesignName>Proiect</ownerDesignName>
</ColumnProxy>
<ColumnProxy name="total_plata" id="62431F37-4BE5-4855-270C-7D08CF6AEAA1">
<createdBy>student</createdBy>
<createdTime>2024-04-28 19:17:02 UTC</createdTime>
<ownerDesignName>Proiect</ownerDesignName>
</ColumnProxy>
<ColumnProxy name="id_camera" id="AF5C5CBF-E0C6-3FDE-FE9A-6AC9437FAACE">
<createdBy>student</createdBy>
<createdTime>2024-04-28 19:24:04 UTC</createdTime>
<ownerDesignName>Proiect</ownerDesignName>
</ColumnProxy>
<ColumnProxy name="numar_nopti" id="B128D1CB-A1E4-19B0-E1FF-94A23588B347">
<createdBy>student</createdBy>
<createdTime>2024-04-28 19:17:02 UTC</createdTime>
<ownerDesignName>Proiect</ownerDesignName>
</ColumnProxy>
<ColumnProxy name="id_rezervare" id="C6E32D41-3E06-AF90-F31A-E05172C49296">
<createdBy>student</createdBy>
<createdTime>2024-04-28 19:17:02 UTC</createdTime>
<ownerDesignName>Proiect</ownerDesignName>
</ColumnProxy>
<ColumnProxy name="data_rezervare" id="E2D658C3-72B4-149E-DDAD-37C640795F94">
<createdBy>student</createdBy>
<createdTime>2024-04-28 19:17:02 UTC</createdTime>
<ownerDesignName>Proiect</ownerDesignName>
</ColumnProxy>
</columnProxies>
<foreignKeys>
<ForeignKey class="oracle.dbtools.crest.model.design.storage.oracle.v10g.FKProxyOraclev10g" name="rezervare_client_fk" id="07EC925B-4A51-81BB-AEF9-3E82CCE33567">
<createdBy>student</createdBy>
<createdTime>2024-04-28 19:24:04 UTC</createdTime>
<ownerDesignName>Proiect</ownerDesignName>
</ForeignKey>
<ForeignKey class="oracle.dbtools.crest.model.design.storage.oracle.v10g.FKProxyOraclev10g" name="rezervare_camera_fk" id="95E3E61E-2CCD-68A2-DBBA-8522472A2A68">
<createdBy>student</createdBy>
<createdTime>2024-04-28 19:24:04 UTC</createdTime>
<ownerDesignName>Proiect</ownerDesignName>
</ForeignKey>
</foreignKeys>
<primaryKeys>
<PrimaryKey class="oracle.dbtools.crest.model.design.storage.oracle.v10g.PKProxyOraclev10g" name="Rezervare_PK" id="8749BFB1-D05F-A24B-0088-DE1014396BBF">
<createdBy>student</createdBy>
<createdTime>2024-04-28 19:17:02 UTC</createdTime>
<ownerDesignName>Proiect</ownerDesignName>
<indexSort>SORTED</indexSort>
</PrimaryKey>
</primaryKeys>
</TableProxyOraclev11g>