<?xml version = '1.0' encoding = 'UTF-8'?>
<FKIndexAssociation class="oracle.dbtools.crest.model.design.relational.FKIndexAssociation" directorySegmentName="seg_0" id="86E4ADF7-05E7-8699-3E09-6DBB4E8001B9" containerWithKeyObject="17A9434D-42C8-F71C-BE02-AAAA759CEF3E" localFKIndex="95E3E61E-2CCD-68A2-DBBA-8522472A2A68" name="rezervare_camera_fk">
<createdBy>student</createdBy>
<createdTime>2024-04-28 19:24:04 UTC</createdTime>
<generatorID>F6C12282-CE91-A617-E41F-BE025C3D8D1A</generatorID>
<ownerDesignName>Proiect</ownerDesignName>
<referredTableLongName>Camera</referredTableLongName>
<deleteRule>NO ACTION</deleteRule>
<referredTableID>31DA900E-1CB7-8F2B-0CE4-C6495BBA7097</referredTableID>
<keyObject>F9747A8A-DB43-0393-39F6-5A142775E4FF</keyObject>
<referredKeyID>F9747A8A-DB43-0393-39F6-5A142775E4FF</referredKeyID>
<mandatory>true</mandatory>
<refColNames>id_camera</refColNames>
<transferable>true</transferable>
<rely>false</rely>
<columnDependencyConstraintGenerateInDDL>true</columnDependencyConstraintGenerateInDDL>
</FKIndexAssociation>