<?xml version = '1.0' encoding = 'UTF-8'?>
<FKIndexAssociation class="oracle.dbtools.crest.model.design.relational.FKIndexAssociation" directorySegmentName="seg_0" id="EBBECD83-9175-24D4-AD2F-E80C8E35CDAD" containerWithKeyObject="0C55A7DA-9787-40F0-E54F-53D92CB3EB60" localFKIndex="5852A456-04D9-1B18-D8B7-4A2B00BAA06E" name="detalii_camera_fk">
<createdBy>student</createdBy>
<createdTime>2024-04-28 19:22:16 UTC</createdTime>
<generatorID>F8392891-7DBD-4920-1862-21154567088B</generatorID>
<ownerDesignName>Proiect</ownerDesignName>
<referredTableLongName>Camera</referredTableLongName>
<deleteRule>NO ACTION</deleteRule>
<referredTableID>31DA900E-1CB7-8F2B-0CE4-C6495BBA7097</referredTableID>
<keyObject>F9747A8A-DB43-0393-39F6-5A142775E4FF</keyObject>
<referredKeyID>F9747A8A-DB43-0393-39F6-5A142775E4FF</referredKeyID>
<mandatory>true</mandatory>
<refColNames>id_camera</refColNames>
<transferable>true</transferable>
<rely>false</rely>
<columnDependencyConstraintGenerateInDDL>true</columnDependencyConstraintGenerateInDDL>
</FKIndexAssociation>