<?xml version = '1.0' encoding = 'UTF-8'?>
<FKIndexAssociation class="oracle.dbtools.crest.model.design.relational.FKIndexAssociation" directorySegmentName="seg_0" id="1DE02F0B-B6B4-C1C5-952C-5D383FD11A93" containerWithKeyObject="17A9434D-42C8-F71C-BE02-AAAA759CEF3E" localFKIndex="07EC925B-4A51-81BB-AEF9-3E82CCE33567" name="rezervare_client_fk">
<createdBy>student</createdBy>
<createdTime>2024-04-28 19:24:04 UTC</createdTime>
<generatorID>4DFA1367-D9C4-1DF8-EAC0-EDE111C5E484</generatorID>
<ownerDesignName>Proiect</ownerDesignName>
<referredTableLongName>Clienti</referredTableLongName>
<deleteRule>NO ACTION</deleteRule>
<referredTableID>BD6AEF36-2E6F-C6B8-FB74-0CB380529104</referredTableID>
<keyObject>F9068569-91CC-53C2-9FB4-8DAF8D07A4A9</keyObject>
<referredKeyID>F9068569-91CC-53C2-9FB4-8DAF8D07A4A9</referredKeyID>
<mandatory>true</mandatory>
<refColNames>id_client</refColNames>
<transferable>true</transferable>
<rely>false</rely>
<columnDependencyConstraintGenerateInDDL>true</columnDependencyConstraintGenerateInDDL>
</FKIndexAssociation>