<?xml version = '1.0' encoding = 'UTF-8'?>
<Relation class="oracle.dbtools.crest.model.design.logical.Relation" name="rezervare_camera_fk" directorySegmentName="seg_0" id="F6C12282-CE91-A617-E41F-BE025C3D8D1A">
<createdBy>student</createdBy>
<createdTime>2024-04-28 19:23:49 UTC</createdTime>
<ownerDesignName>Proiect</ownerDesignName>
<engineerTo>
<item key="066F9C1C-C022-5AB0-8277-5219976CD2EE" value="true"/>
</engineerTo>
<sourcePk>56C572D9-C838-E3B9-47C0-A07C7B3C080E</sourcePk>
<identifying>false</identifying>
<optionalSource>true</optionalSource>
<optionalTarget>false</optionalTarget>
<sourceCardinality>1</sourceCardinality>
<sourceEntity>AD931B84-BED9-7498-CE57-26519659389F</sourceEntity>
<targetCardinalityString>*</targetCardinalityString>
<targetEntity>4643F0FE-EEDB-9454-1265-D4F023E5C2DD</targetEntity>
<transferable>true</transferable>
<deleteRule>NO ACTION</deleteRule>
</Relation>