<?xml version = '1.0' encoding = 'UTF-8'?>
<TriggerOraclev10g class="oracle.dbtools.crest.model.design.storage.oracle.v10g.TriggerOraclev10g" name="update_total_schimbare_data" directorySegmentName="seg_0" id="EE1EB994-1B96-3BBE-74AB-3AB4A8CED687">
<createdBy>student</createdBy>
<createdTime>2024-04-29 18:41:00 UTC</createdTime>
<ownerDesignName>Proiect</ownerDesignName>
<actions>UPDATE</actions>
<body><![CDATA[CREATE OR REPLACE TRIGGER update_total_schimbare_data
before UPDATE OF data_eleiberare ON Rezervare
FOR EACH ROW
DECLARE
    v_numar_zile NUMBER;
BEGIN
    v_numar_zile := ABS(TO_NUMBER(:NEW.data_eleiberare - :OLD.data_eleiberare));

    :NEW.total_plata := v_numar_zile * Returnare_pret(:NEW.id_camera);
END;]]></body>
<triggerTime>BEFORE</triggerTime>
<table>31DA900E-1CB7-8F2B-0CE4-C6495BBA7097</table>
</TriggerOraclev10g>