<?xml version = '1.0' encoding = 'UTF-8'?>
<FunctionOracle class="oracle.dbtools.crest.model.design.storage.oracle.FunctionOracle" name="NumarZile" directorySegmentName="seg_0" id="0D9EC5E5-2867-83A4-D6CC-3B5FB71C418D">
<createdBy>student</createdBy>
<createdTime>2024-04-29 13:06:48 UTC</createdTime>
<ownerDesignName>Proiect</ownerDesignName>
<source>CREATE OR REPLACE FUNCTION NumarZile(
    p_id_camera IN Detalii_camera.id_camera%TYPE
)
RETURN NUMBER
IS
    v_numar NUMBER := 0;
    v_data_rezervare Rezervare.data_rezervare%TYPE;
    v_data_eliberare Rezervare.data_eleiberare%TYPE;
BEGIN
    FOR r IN (SELECT data_rezervare, data_eleiberare
              FROM Rezervare
              WHERE id_camera = p_id_camera) LOOP
        IF TRUNC(r.data_rezervare, &apos;MM&apos;) = TRUNC(r.data_eleiberare, &apos;MM&apos;) THEN
            v_numar := v_numar + (r.data_eleiberare - r.data_rezervare + 1);
        ELSE
            v_numar := v_numar + (LAST_DAY(r.data_rezervare) - r.data_rezervare + 1); 
            v_data_rezervare := ADD_MONTHS(r.data_rezervare, 1); 
            WHILE v_data_rezervare &lt; TRUNC(r.data_eleiberare, &apos;MM&apos;) LOOP
                v_numar := v_numar + EXTRACT(DAY FROM LAST_DAY(v_data_rezervare));
                v_data_rezervare := ADD_MONTHS(v_data_rezervare, 1); 
            END LOOP;
            v_numar := v_numar + (r.data_eleiberare - TRUNC(r.data_eleiberare, &apos;MM&apos;) + 1); 
        END IF;
    END LOOP;
    
    RETURN v_numar;
EXCEPTION
    WHEN NO_DATA_FOUND THEN
        RAISE_APPLICATION_ERROR(-20003, &apos;Nu există rezervări pentru camera cu ID-ul &apos; || p_id_camera || &apos;.&apos;);
    WHEN OTHERS THEN
        RAISE_APPLICATION_ERROR(-20002, &apos;A apărut o eroare în timpul calculului numărului de zile.&apos;);
END NumarZile;</source>
</FunctionOracle>