<?xml version = '1.0' encoding = 'UTF-8'?>
<Entity class="oracle.dbtools.crest.model.design.logical.Entity" directorySegmentName="seg_0" id="4643F0FE-EEDB-9454-1265-D4F023E5C2DD" name="Rezervare">
<createdBy>student</createdBy>
<createdTime>2024-04-28 19:10:15 UTC</createdTime>
<ownerDesignName>Proiect</ownerDesignName>
<engineerTo>
<item key="066F9C1C-C022-5AB0-8277-5219976CD2EE" value="true"/>
</engineerTo>
<adequatelyNormalized>NO</adequatelyNormalized>
<expectedVolumes>0</expectedVolumes>
<fwdEngineeringStrategyName>Single Table</fwdEngineeringStrategyName>
<growthPercent>0</growthPercent>
<growthType>Year</growthType>
<maxVolumes>9999999</maxVolumes>
<minVolumes>0</minVolumes>
<normalForm>Third</normalForm>
<attributes itemClass="oracle.dbtools.crest.model.design.logical.Attribute">
<Attribute name="id_rezervare" id="1CA46246-6965-13C3-18A5-357DF65066CA">
<createdBy>student</createdBy>
<createdTime>2024-04-28 19:10:33 UTC</createdTime>
<ownerDesignName>Proiect</ownerDesignName>
<engineerTo>
<item key="066F9C1C-C022-5AB0-8277-5219976CD2EE" value="true"/>
</engineerTo>
<constraintName>rezervare_pk</constraintName>
<useDomainConstraints>false</useDomainConstraints>
<use>1</use>
<logicalDatatype>LOGDT019</logicalDatatype>
<dataTypePrecision>6</dataTypePrecision>
<ownDataTypeParameters>,6,</ownDataTypeParameters>
</Attribute>
<Attribute name="numar_nopti" id="F318F198-344F-7DE8-F129-EB13F83A6CC4">
<createdBy>student</createdBy>
<createdTime>2024-04-28 19:11:25 UTC</createdTime>
<ownerDesignName>Proiect</ownerDesignName>
<engineerTo>
<item key="066F9C1C-C022-5AB0-8277-5219976CD2EE" value="true"/>
</engineerTo>
<useDomainConstraints>false</useDomainConstraints>
<use>1</use>
<logicalDatatype>LOGDT019</logicalDatatype>
<dataTypePrecision>3</dataTypePrecision>
<ownDataTypeParameters>,3,</ownDataTypeParameters>
</Attribute>
<Attribute name="total_plata" id="F5640688-8E4D-EF46-9F03-994CDA7E3766">
<createdBy>student</createdBy>
<createdTime>2024-04-28 19:11:50 UTC</createdTime>
<ownerDesignName>Proiect</ownerDesignName>
<engineerTo>
<item key="066F9C1C-C022-5AB0-8277-5219976CD2EE" value="true"/>
</engineerTo>
<useDomainConstraints>false</useDomainConstraints>
<use>1</use>
<logicalDatatype>LOGDT019</logicalDatatype>
<dataTypePrecision>6</dataTypePrecision>
<ownDataTypeParameters>,6,</ownDataTypeParameters>
</Attribute>
<Attribute name="data_rezervare" id="212AC31A-B45C-98CC-C5DF-2FDC8BB92AA7">
<createdBy>student</createdBy>
<createdTime>2024-04-28 19:15:41 UTC</createdTime>
<ownerDesignName>Proiect</ownerDesignName>
<engineerTo>
<item key="066F9C1C-C022-5AB0-8277-5219976CD2EE" value="true"/>
</engineerTo>
<useDomainConstraints>false</useDomainConstraints>
<use>1</use>
<logicalDatatype>LOGDT007</logicalDatatype>
<ownDataTypeParameters>,,</ownDataTypeParameters>
</Attribute>
<Attribute name="data_eleiberare" id="11C8CBE4-99C8-BC58-A878-3365449F722C">
<createdBy>student</createdBy>
<createdTime>2024-04-28 19:16:06 UTC</createdTime>
<ownerDesignName>Proiect</ownerDesignName>
<engineerTo>
<item key="066F9C1C-C022-5AB0-8277-5219976CD2EE" value="true"/>
</engineerTo>
<useDomainConstraints>false</useDomainConstraints>
<use>1</use>
<logicalDatatype>LOGDT007</logicalDatatype>
<ownDataTypeParameters>,,</ownDataTypeParameters>
</Attribute>
<Attribute name="id_client" id="91F56F98-D504-ECC6-036A-58A5EEE0055D">
<createdBy>student</createdBy>
<createdTime>2024-04-28 19:23:10 UTC</createdTime>
<generatorID>4DFA1367-D9C4-1DF8-EAC0-EDE111C5E484</generatorID>
<ownerDesignName>Proiect</ownerDesignName>
<engineerTo>
<item key="066F9C1C-C022-5AB0-8277-5219976CD2EE" value="true"/>
</engineerTo>
<referedAttribute>C7846B50-5E40-88D6-4E79-DA827831BCE1</referedAttribute>
<useDomainConstraints>false</useDomainConstraints>
<use>1</use>
<logicalDatatype>LOGDT019</logicalDatatype>
<dataTypePrecision>6</dataTypePrecision>
<ownDataTypeParameters>,,</ownDataTypeParameters>
</Attribute>
<Attribute name="id_camera" id="5EAA1FC8-9297-7AC0-2B71-6F3A4D943FF8">
<createdBy>student</createdBy>
<createdTime>2024-04-28 19:23:49 UTC</createdTime>
<generatorID>F6C12282-CE91-A617-E41F-BE025C3D8D1A</generatorID>
<ownerDesignName>Proiect</ownerDesignName>
<engineerTo>
<item key="066F9C1C-C022-5AB0-8277-5219976CD2EE" value="true"/>
</engineerTo>
<referedAttribute>53788492-0E5C-425E-2704-75DD4D7A6146</referedAttribute>
<useDomainConstraints>false</useDomainConstraints>
<use>1</use>
<logicalDatatype>LOGDT019</logicalDatatype>
<dataTypePrecision>6</dataTypePrecision>
<ownDataTypeParameters>,,</ownDataTypeParameters>
</Attribute>
</attributes>
<identifiers itemClass="oracle.dbtools.crest.model.design.logical.CandidateKey">
<identifier id="74411412-275F-007F-FCAE-75E5A1D03C13" name="Rezervare PK">
<createdBy>student</createdBy>
<createdTime>2024-04-28 19:10:48 UTC</createdTime>
<ownerDesignName>Proiect</ownerDesignName>
<shouldEngineer>false</shouldEngineer>
<engineerTo>
<item key="066F9C1C-C022-5AB0-8277-5219976CD2EE" value="false"/>
</engineerTo>
<pk>true</pk>
<usedAttributes>
<attributeRef>1CA46246-6965-13C3-18A5-357DF65066CA</attributeRef>
</usedAttributes>
</identifier>
</identifiers>
</Entity>