<?xml version = '1.0' encoding = 'UTF-8'?>
<Entity class="oracle.dbtools.crest.model.design.logical.Entity" directorySegmentName="seg_0" id="A5952E86-1587-AD38-BEA6-D27C585E2796" name="Clienti">
<createdBy>student</createdBy>
<createdTime>2024-04-28 17:21:31 UTC</createdTime>
<ownerDesignName>Proiect</ownerDesignName>
<engineerTo>
<item key="066F9C1C-C022-5AB0-8277-5219976CD2EE" value="true"/>
</engineerTo>
<adequatelyNormalized>NO</adequatelyNormalized>
<expectedVolumes>0</expectedVolumes>
<fwdEngineeringStrategyName>Single Table</fwdEngineeringStrategyName>
<growthPercent>0</growthPercent>
<growthType>Year</growthType>
<maxVolumes>9999999</maxVolumes>
<minVolumes>0</minVolumes>
<normalForm>Third</normalForm>
<attributes itemClass="oracle.dbtools.crest.model.design.logical.Attribute">
<Attribute name="id_client" id="C7846B50-5E40-88D6-4E79-DA827831BCE1">
<createdBy>student</createdBy>
<createdTime>2024-04-28 17:27:58 UTC</createdTime>
<ownerDesignName>Proiect</ownerDesignName>
<engineerTo>
<item key="066F9C1C-C022-5AB0-8277-5219976CD2EE" value="true"/>
</engineerTo>
<constraintName>client_pk</constraintName>
<useDomainConstraints>false</useDomainConstraints>
<use>1</use>
<logicalDatatype>LOGDT019</logicalDatatype>
<dataTypePrecision>6</dataTypePrecision>
<ownDataTypeParameters>,6,</ownDataTypeParameters>
</Attribute>
<Attribute name="nume" id="A1F9E707-76CD-A39C-38B5-D1B8E4128B78">
<createdBy>student</createdBy>
<createdTime>2024-04-28 17:28:24 UTC</createdTime>
<ownerDesignName>Proiect</ownerDesignName>
<engineerTo>
<item key="066F9C1C-C022-5AB0-8277-5219976CD2EE" value="true"/>
</engineerTo>
<useDomainConstraints>false</useDomainConstraints>
<use>1</use>
<logicalDatatype>LOGDT024</logicalDatatype>
<dataTypeSize>20</dataTypeSize>
<ownDataTypeParameters>20,,</ownDataTypeParameters>
</Attribute>
<Attribute name="prenume" id="A6454743-6D6D-9F4A-6A83-7CDDEE3B0A9E">
<createdBy>student</createdBy>
<createdTime>2024-04-28 17:29:13 UTC</createdTime>
<ownerDesignName>Proiect</ownerDesignName>
<engineerTo>
<item key="066F9C1C-C022-5AB0-8277-5219976CD2EE" value="true"/>
</engineerTo>
<useDomainConstraints>false</useDomainConstraints>
<use>1</use>
<logicalDatatype>LOGDT024</logicalDatatype>
<dataTypeSize>20</dataTypeSize>
<ownDataTypeParameters>20,,</ownDataTypeParameters>
</Attribute>
<Attribute name="telefon" id="CF347059-7C88-3617-D496-B58E800E9F72">
<createdBy>student</createdBy>
<createdTime>2024-04-28 17:29:43 UTC</createdTime>
<ownerDesignName>Proiect</ownerDesignName>
<engineerTo>
<item key="066F9C1C-C022-5AB0-8277-5219976CD2EE" value="true"/>
</engineerTo>
<constraintName>telefon</constraintName>
<useDomainConstraints>false</useDomainConstraints>
<use>1</use>
<logicalDatatype>LOGDT025</logicalDatatype>
<dataTypeSize>10</dataTypeSize>
<checkConstraint>
<implementationDef dbType="Generic Constraint" definition="length(telefon) =10"/>
</checkConstraint>
<ownDataTypeParameters>10,,</ownDataTypeParameters>
</Attribute>
<Attribute name="email" id="6CC949FC-CE4E-09F0-D129-E08B336802EF">
<createdBy>student</createdBy>
<createdTime>2024-04-28 18:50:31 UTC</createdTime>
<ownerDesignName>Proiect</ownerDesignName>
<engineerTo>
<item key="066F9C1C-C022-5AB0-8277-5219976CD2EE" value="true"/>
</engineerTo>
<constraintName>email</constraintName>
<useDomainConstraints>false</useDomainConstraints>
<use>1</use>
<logicalDatatype>LOGDT024</logicalDatatype>
<dataTypeSize>100</dataTypeSize>
<checkConstraint>
<implementationDef dbType="Generic Constraint" definition="email LIKE  &apos;%___@___%.__%&apos;"/>
</checkConstraint>
<ownDataTypeParameters>100,,</ownDataTypeParameters>
</Attribute>
<Attribute name="varsta" id="639E6263-BCDC-3AC4-23AB-E96A118466DE">
<createdBy>student</createdBy>
<createdTime>2024-04-28 18:50:56 UTC</createdTime>
<ownerDesignName>Proiect</ownerDesignName>
<engineerTo>
<item key="066F9C1C-C022-5AB0-8277-5219976CD2EE" value="true"/>
</engineerTo>
<constraintName>varsta</constraintName>
<useDomainConstraints>false</useDomainConstraints>
<use>1</use>
<logicalDatatype>LOGDT019</logicalDatatype>
<dataTypePrecision>6</dataTypePrecision>
<checkConstraint>
<implementationDef dbType="Generic Constraint" definition="varsta&gt;=18"/>
</checkConstraint>
<ownDataTypeParameters>,6,</ownDataTypeParameters>
</Attribute>
</attributes>
<identifiers itemClass="oracle.dbtools.crest.model.design.logical.CandidateKey">
<identifier id="9509F482-7E04-5267-D322-5DDE49AC781C" name="Clienti PK">
<createdBy>student</createdBy>
<createdTime>2024-04-28 17:28:15 UTC</createdTime>
<ownerDesignName>Proiect</ownerDesignName>
<shouldEngineer>false</shouldEngineer>
<engineerTo>
<item key="066F9C1C-C022-5AB0-8277-5219976CD2EE" value="false"/>
</engineerTo>
<pk>true</pk>
<usedAttributes>
<attributeRef>C7846B50-5E40-88D6-4E79-DA827831BCE1</attributeRef>
</usedAttributes>
</identifier>
<identifier id="96C7D301-5A21-EB6B-617B-F59F3D884777" name="client_telefon_un">
<createdBy>student</createdBy>
<createdTime>2024-04-28 18:51:17 UTC</createdTime>
<ownerDesignName>Proiect</ownerDesignName>
<shouldEngineer>false</shouldEngineer>
<engineerTo>
<item key="066F9C1C-C022-5AB0-8277-5219976CD2EE" value="false"/>
</engineerTo>
<newElementsIDs>CF347059-7C88-3617-D496-B58E800E9F72</newElementsIDs>
<usedAttributes>
<attributeRef>CF347059-7C88-3617-D496-B58E800E9F72</attributeRef>
</usedAttributes>
</identifier>
</identifiers>
</Entity>