<?xml version = '1.0' encoding = 'UTF-8'?>
<TriggerOraclev10g class="oracle.dbtools.crest.model.design.storage.oracle.v10g.TriggerOraclev10g" name="update_total" directorySegmentName="seg_0" id="E2B8890C-84EA-354D-88A5-5FC5D5187705">
<createdBy>student</createdBy>
<createdTime>2024-04-29 17:45:09 UTC</createdTime>
<ownerDesignName>Proiect</ownerDesignName>
<actions>UPDATE</actions>
<body><![CDATA[CREATE OR REPLACE TRIGGER update_total
AFTER UPDATE  OF pret_noapte ON DETALII_CAMERA
FOR EACH ROW
DECLARE
    v_numar NUMBER;
BEGIN
    v_numar := NumarZile(:OLD.id_camera);
     
    UPDATE Rezervare
    SET total_plata = :NEW.pret_noapte * v_numar
    WHERE id_camera = :OLD.id_camera;
END;]]></body>
<triggerTime>AFTER</triggerTime>
<table>31DA900E-1CB7-8F2B-0CE4-C6495BBA7097</table>
</TriggerOraclev10g>