<?xml version = '1.0' encoding = 'UTF-8'?>
<Relation class="oracle.dbtools.crest.model.design.logical.Relation" name="detalii_camera_fk" directorySegmentName="seg_0" id="F8392891-7DBD-4920-1862-21154567088B">
<createdBy>student</createdBy>
<createdTime>2024-04-28 19:21:55 UTC</createdTime>
<ownerDesignName>Proiect</ownerDesignName>
<engineerTo>
<item key="066F9C1C-C022-5AB0-8277-5219976CD2EE" value="true"/>
</engineerTo>
<sourcePk>56C572D9-C838-E3B9-47C0-A07C7B3C080E</sourcePk>
<identifying>false</identifying>
<optionalSource>true</optionalSource>
<optionalTarget>false</optionalTarget>
<sourceCardinality>1</sourceCardinality>
<sourceEntity>AD931B84-BED9-7498-CE57-26519659389F</sourceEntity>
<targetCardinalityString>1</targetCardinalityString>
<targetEntity>9A2D2255-C2B6-FD08-4A4A-56DAD8647352</targetEntity>
<transferable>true</transferable>
<deleteRule>NO ACTION</deleteRule>
</Relation>