<?xml version = '1.0' encoding = 'UTF-8'?>
<PackageOracle class="oracle.dbtools.crest.model.design.storage.oracle.PackageOracle" name="Delete_package" directorySegmentName="seg_0" id="0667B5CE-9256-4E80-A550-D0956DB68CD5">
<createdBy>student</createdBy>
<createdTime>2024-04-29 09:47:36 UTC</createdTime>
<ownerDesignName>Proiect</ownerDesignName>
<source>CREATE OR REPLACE PACKAGE Delete_package IS 
  PROCEDURE DELETE_CLIENT(p_id_client IN clienti.id_client%TYPE);
  PROCEDURE DELETE_detalii_camera(p_id_camera IN Detalii_camera.id_camera%TYPE);
  PROCEDURE DELETE_rezervare(p_id_rezervare IN Rezervare.id_rezervare%TYPE);
  PROCEDURE DELETE_camera(p_id_camera IN Camera.id_camera%TYPE);
END;

CREATE OR REPLACE PACKAGE BODY Delete_package IS 
    PROCEDURE DELETE_CLIENT(p_id_client IN clienti.id_client%TYPE) IS
    BEGIN
        DELETE FROM CLIENTI
        WHERE id_client = p_id_client;
        
        IF SQL%NOTFOUND THEN
            RAISE NO_DATA_FOUND; 
        END IF;   
        
        EXCEPTION
            WHEN NO_DATA_FOUND THEN
               RAISE_APPLICATION_ERROR(-20001,&apos;Clientul cu id-ul &apos; || p_id_client || &apos; nu se afla in tabela&apos;);
            WHEN OTHERS THEN
                RAISE_APPLICATION_ERROR(-20002, &apos;A apărut o eroare în timpul ștergerii clientului.&apos;);
    END DELETE_CLIENT;
    
     PROCEDURE DELETE_detalii_camera(p_id_camera IN Detalii_camera.id_camera%TYPE) IS
    BEGIN
        DELETE FROM detalii_camera
        WHERE p_id_camera = id_camera;
        
        IF SQL%NOTFOUND THEN
            RAISE NO_DATA_FOUND; 
        END IF;   
        
        EXCEPTION
            WHEN NO_DATA_FOUND THEN
               RAISE_APPLICATION_ERROR(-20001,&apos;Camera cu id-ul &apos; || p_id_camera || &apos; nu se afla in tabela&apos;);
            WHEN OTHERS THEN
                RAISE_APPLICATION_ERROR(-20002, &apos;A apărut o eroare în timpul ștergerii clientului.&apos;);
    END DELETE_detalii_camera;
    
     PROCEDURE DELETE_rezervare(p_id_rezervare IN Rezervare.id_rezervare%TYPE) IS
    BEGIN
        DELETE FROM rezervare
        WHERE p_id_rezervare = id_rezervare;
        
        IF SQL%NOTFOUND THEN
            RAISE NO_DATA_FOUND; 
        END IF;   
        
        EXCEPTION
            WHEN NO_DATA_FOUND THEN
               RAISE_APPLICATION_ERROR(-20001,&apos;Rezervarea cu id-ul &apos; || p_id_rezervare || &apos; nu se afla in tabela&apos;);
            WHEN OTHERS THEN
                RAISE_APPLICATION_ERROR(-20002, &apos;A apărut o eroare în timpul ștergerii clientului.&apos;);
    END DELETE_rezervare;
    
     PROCEDURE DELETE_camera(p_id_camera IN Camera.id_camera%TYPE) IS
    BEGIN
        DELETE FROM camera
        WHERE p_id_camera = id_camera;
        
        IF SQL%NOTFOUND THEN
            RAISE NO_DATA_FOUND; 
        END IF;   
        
        EXCEPTION
            WHEN NO_DATA_FOUND THEN
               RAISE_APPLICATION_ERROR(-20001,&apos;Camera cu id-ul &apos; || p_id_camera || &apos; nu se afla in tabela&apos;);
            WHEN OTHERS THEN
                RAISE_APPLICATION_ERROR(-20002, &apos;A apărut o eroare în timpul ștergerii clientului.&apos;);
    END DELETE_camera;
    
END Delete_package;</source>
</PackageOracle>