<?xml version = '1.0' encoding = 'UTF-8'?>
<PackageOracle class="oracle.dbtools.crest.model.design.storage.oracle.PackageOracle" name="Update_package" directorySegmentName="seg_0" id="6E2675C3-BD71-3E5F-EB9F-488AB5A749F2">
<createdBy>student</createdBy>
<createdTime>2024-04-29 09:47:50 UTC</createdTime>
<ownerDesignName>Proiect</ownerDesignName>
<source>CREATE OR REPLACE PACKAGE Update_package IS 
  PROCEDURE UPDATE_CLIENT_TELEFON(p_id_client IN clienti.id_client%TYPE, p_telefon IN clienti.telefon%TYPE);
  PROCEDURE UPDATE_detalii_camera_pret(p_id_camera IN Detalii_camera.id_camera%TYPE, p_pret IN Detalii_camera.pret_noapte%TYPE);
  PROCEDURE UPDATE_rezervare(p_id_rezervare IN rezervare.id_rezervare%TYPE, p_id_camera IN rezervare.id_camera%TYPE,  p_id_client IN rezervare.id_client%TYPE,p_data_eleiberare IN rezervare.data_eleiberare%TYPE);
END Update_package;

CREATE OR REPLACE PACKAGE BODY Update_package IS 
    PROCEDURE UPDATE_CLIENT_TELEFON(p_id_client IN clienti.id_client%TYPE, p_telefon IN clienti.telefon%TYPE) IS
    BEGIN
        UPDATE CLIENTI
        SET telefon = p_telefon
        WHERE id_client = p_id_client;
        
        IF SQL%NOTFOUND THEN
            RAISE NO_DATA_FOUND; 
        END IF;   
        
    EXCEPTION
        WHEN NO_DATA_FOUND THEN
            RAISE_APPLICATION_ERROR(-20001,&apos;Clientul cu id-ul &apos; || p_id_client || &apos; nu se afla in tabela&apos;);
        WHEN OTHERS THEN
            RAISE_APPLICATION_ERROR(-20002, &apos;A apărut o eroare în timpul actualizării telefonului clientului.&apos;);
    END UPDATE_CLIENT_TELEFON;
    
    PROCEDURE UPDATE_detalii_camera_pret(p_id_camera IN Detalii_camera.id_camera%TYPE, p_pret IN Detalii_camera.pret_noapte%TYPE) IS
    BEGIN
        UPDATE Detalii_camera
        SET pret_noapte = p_pret
        WHERE id_camera = p_id_camera;
        
        IF SQL%NOTFOUND THEN
            RAISE NO_DATA_FOUND; 
        END IF;   
        
    EXCEPTION
        WHEN NO_DATA_FOUND THEN
            RAISE_APPLICATION_ERROR(-20001,&apos;Camera cu id-ul &apos; || p_id_camera || &apos; nu se afla in tabela&apos;);
        WHEN OTHERS THEN
            RAISE_APPLICATION_ERROR(-20002, &apos;A apărut o eroare în timpul actualizării prețului camerei.&apos;);
    END UPDATE_detalii_camera_pret;
    
     PROCEDURE UPDATE_rezervare(
    p_id_rezervare IN rezervare.id_rezervare%TYPE,
    p_id_camera IN rezervare.id_camera%TYPE,
    p_id_client IN rezervare.id_client%TYPE,
    p_data_eleiberare IN rezervare.data_eleiberare%TYPE
)
IS
    v_count NUMBER;
BEGIN
    SELECT COUNT(*)
    INTO v_count
    FROM rezervare
    WHERE id_camera = p_id_camera
      AND p_id_rezervare != id_rezervare
      AND data_rezervare &lt;= p_data_eleiberare;

    IF v_count &gt; 0 THEN
        RAISE_APPLICATION_ERROR(-20001, &apos;Există alte camere ocupate în același interval de timp.&apos;);
    ELSE
        UPDATE rezervare
        SET data_eleiberare = p_data_eleiberare
        WHERE id_rezervare = p_id_rezervare;
    END IF;
END;
END Update_package;</source>
</PackageOracle>