<?xml version = '1.0' encoding = 'UTF-8'?>
<PackageOracle class="oracle.dbtools.crest.model.design.storage.oracle.PackageOracle" name="Retrieve_package" directorySegmentName="seg_0" id="891819BD-26C2-B7BA-A80B-E9B74DB37F7D">
<createdBy>student</createdBy>
<createdTime>2024-04-29 06:43:46 UTC</createdTime>
<ownerDesignName>Proiect</ownerDesignName>
<source>CREATE OR REPLACE PACKAGE Retrieve_package IS 
    PROCEDURE afiseaza_clienti;
    PROCEDURE afiseaza_camere;
    PROCEDURE afiseaza_detalii_camere;
    PROCEDURE afiseaza_rezervari;
END;


CREATE OR REPLACE PACKAGE BODY Retrieve_package IS 
    PROCEDURE afiseaza_clienti IS
    BEGIN
        FOR i IN (SELECT * FROM CLIENTI) LOOP
          dbms_output.put_line(&apos;Id client: &apos; || i.id_client || &apos; nume: &apos; || i.nume || &apos; prenume: &apos; || i.prenume || &apos; telefon: &apos; || i.telefon || &apos; email &apos; || i.email || &apos; varsta &apos; || i.varsta) ;
        END LOOP;
    END afiseaza_clienti;
    

    PROCEDURE afiseaza_camere IS
        TYPE camera_afis IS REF CURSOR RETURN CAMERA%ROWTYPE;
        camera_afis_c camera_afis;
        C_CAMERA CAMERA%ROWTYPE;
        
        BEGIN
          OPEN camera_afis_c FOR SELECT * FROM CAMERA;
          LOOP
             FETCH camera_afis_c INTO C_CAMERA;
             EXIT WHEN camera_afis_c%NOTFOUND;
             dbms_output.put_line(&apos;Id camera: &apos; || C_CAMERA.id_camera || &apos; numar camera: &apos; || C_CAMERA.numar_camera);
          END LOOP;
          
          CLOSE camera_afis_c;
        
    END afiseaza_camere;
    
      PROCEDURE afiseaza_rezervari IS
        TYPE rezervare_afis IS REF CURSOR ;
        rezervare_afis_c rezervare_afis;
        c_rezervare rezervare%ROWTYPE;
        
        BEGIN
          OPEN rezervare_afis_c FOR SELECT * FROM REZERVARE;
          LOOP
             FETCH rezervare_afis_c INTO c_rezervare;
             EXIT WHEN rezervare_afis_c%NOTFOUND;
             dbms_output.put_line(&apos;Id rezervare: &apos; || c_rezervare.id_rezervare ||&apos; total de plata: &apos; || c_rezervare.TOTAL_PLaTA ||&apos; numar nopti: &apos; || c_rezervare.numar_nopti ||&apos; data rezervare: &apos; || c_rezervare.data_rezervare ||&apos; data eliberare: &apos; || c_rezervare.data_eleiberare ||&apos; id client: &apos; || c_rezervare.id_client  ||&apos; id camera &apos; || c_rezervare.id_camera);
          END LOOP;
          
          CLOSE rezervare_afis_c;
        
    END afiseaza_rezervari;
    
    PROCEDURE afiseaza_detalii_camere IS
        CURSOR C_DETALII_CAMERA IS SELECT * FROM DETALII_CAMERA;    
        c_detalii DETALII_CAMERA%ROWTYPE;
    begin
        OPEN C_DETALII_CAMERA;
        
        LOOP
            FETCH C_DETALII_CAMERA INTO c_detalii;
            EXIT WHEN C_DETALII_CAMERA%NOTFOUND;
            dbms_output.put_line(&apos; Pret noapte &apos; || c_detalii.pret_noapte || &apos; etaj &apos; || c_detalii.etaj || &apos; tip camera &apos; || c_detalii.tip_camera || &apos; capacitate &apos; || c_detalii.capacitate  || &apos; vedere la mare &apos; || c_detalii.vedere_la_mare || &apos; balcon &apos; || c_detalii.balcon || &apos; id camera &apos; || c_detalii.id_camera);
        END LOOP;
        
        CLOSE C_DETALII_CAMERA;
    END afiseaza_detalii_camere;
END Retrieve_package;</source>
</PackageOracle>